{
	"_method_": {},
	"cs.pop": {
		"database": {
			"new()": {
				"Syntax": "**.new**( *full* : Boolean )",
				"Params": [
					[
						"full",
						"Boolean",
						"->"
					]
				],
				"Summary": ""
			}
		},
		"_4DPop": {
			"new()": {
				"Syntax": "**.new**()",
				"Params": [],
				"Summary": ""
			}
		},
		"motor": {
			"new()": {
				"Syntax": "**.new**()",
				"Params": [],
				"Summary": ""
			}
		},
		"coord": {
			"new()": {
				"Syntax": "**.new**( *left* : Integer; *top* : Integer; *right* : Integer; *bottom* : Integer )",
				"Params": [
					[
						"left",
						"Integer",
						"->"
					],
					[
						"top",
						"Integer",
						"->"
					],
					[
						"right",
						"Integer",
						"->"
					],
					[
						"bottom",
						"Integer",
						"->"
					]
				],
				"Summary": ""
			}
		},
		"_widget": {
			"new()": {
				"Syntax": "**.new**( *component* : Object; *manifest* : Object )",
				"Params": [
					[
						"component",
						"Object",
						"->"
					],
					[
						"manifest",
						"Object",
						"->"
					]
				],
				"Summary": ""
			}
		},
		"menuBar": {
			"new()": {
				"Syntax": "**.new**( *menus* : Collection )",
				"Params": [
					[
						"menus",
						"Collection",
						"->"
					]
				],
				"Summary": ""
			}
		},
		"svg": {
			"new()": {
				"Syntax": "**.new**( *content* : Variant )",
				"Params": [
					[
						"content",
						"Variant",
						"->"
					]
				],
				"Summary": ""
			}
		},
		"_classCore": {
			"new()": {
				"Syntax": "**.new**()",
				"Params": [],
				"Summary": ""
			}
		},
		"Preferences": {
			"new()": {
				"Syntax": "**.new**( *module* : Text )",
				"Params": [
					[
						"module",
						"Text",
						"->"
					]
				],
				"Summary": ""
			}
		},
		"xml": {
			"new()": {
				"Syntax": "**.new**( *variable* : Variant )",
				"Params": [
					[
						"variable",
						"Variant",
						"->"
					]
				],
				"Summary": ""
			}
		},
		"env": {
			"new()": {
				"Syntax": "**.new**( *full* : Boolean )",
				"Params": [
					[
						"full",
						"Boolean",
						"->"
					]
				],
				"Summary": ""
			}
		},
		"menu": {
			"new()": {
				"Syntax": "**.new**( *options* : Variant )",
				"Params": [
					[
						"options",
						"Variant",
						"->"
					]
				],
				"Summary": ""
			}
		}
	},
	"database": {
		"restartInterpreted()": {
			"Syntax": "**.restartInterpreted**( *userParam* : Variant ) : Object",
			"Params": [
				[
					"userParam",
					"Variant",
					"->"
				],
				[
					"",
					"Object",
					"<-"
				]
			],
			"Summary": ""
		},
		"restart()": {
			"Syntax": "**.restart**( *options* : Variant; *message* : Text )",
			"Params": [
				[
					"options",
					"Variant",
					"->"
				],
				[
					"message",
					"Text",
					"->"
				]
			],
			"Summary": ""
		},
		"restartCompiled()": {
			"Syntax": "**.restartCompiled**( *userParam* : Variant ) : Object",
			"Params": [
				[
					"userParam",
					"Variant",
					"->"
				],
				[
					"",
					"Object",
					"<-"
				]
			],
			"Summary": ""
		},
		"setUserParam()": {
			"Syntax": "**.setUserParam**( *userParam* : Variant )",
			"Params": [
				[
					"userParam",
					"Variant",
					"->"
				]
			],
			"Summary": ""
		},
		"compile()": {
			"Syntax": "**.compile**( *options* : Object ) : Boolean",
			"Params": [
				[
					"options",
					"Object",
					"->"
				],
				[
					"",
					"Boolean",
					"<-"
				]
			],
			"Summary": ""
		},
		"deleteGeometry()": {
			"Syntax": "**.deleteGeometry**()",
			"Params": [],
			"Summary": ""
		},
		"isWritable()": {
			"Syntax": "**.isWritable**() : Boolean",
			"Params": [
				[
					"",
					"Boolean",
					"<-"
				]
			],
			"Summary": ""
		},
		"clearCompiledCode()": {
			"Syntax": "**.clearCompiledCode**()",
			"Params": [],
			"Summary": ""
		},
		"methods()": {
			"Syntax": "**.methods**( *filter* : Text ) : Collection",
			"Params": [
				[
					"filter",
					"Text",
					"->"
				],
				[
					"",
					"Collection",
					"<-"
				]
			],
			"Summary": ""
		},
		"get mode()": {
			"Syntax": "**.get mode**() : Text",
			"Params": [
				[
					"",
					"Text",
					"<-"
				]
			],
			"Summary": ""
		},
		"isComponentAvailable()": {
			"Syntax": "**.isComponentAvailable**( *name* : Text ) : Boolean",
			"Params": [
				[
					"name",
					"Text",
					"->"
				],
				[
					"",
					"Boolean",
					"<-"
				]
			],
			"Summary": ""
		},
		"isPluginAvailable()": {
			"Syntax": "**.isPluginAvailable**( *name* : Text ) : Boolean",
			"Params": [
				[
					"name",
					"Text",
					"->"
				],
				[
					"",
					"Boolean",
					"<-"
				]
			],
			"Summary": ""
		},
		"isMethodAvailable()": {
			"Syntax": "**.isMethodAvailable**( *name* : Text ) : Boolean",
			"Params": [
				[
					"name",
					"Text",
					"->"
				],
				[
					"",
					"Boolean",
					"<-"
				]
			],
			"Summary": ""
		},
		"isDataEmpty()": {
			"Syntax": "**.isDataEmpty**() : Boolean",
			"Params": [
				[
					"",
					"Boolean",
					"<-"
				]
			],
			"Summary": ""
		},
		"_inheritedFrom_": "_classCore"
	},
	"_4DPop": {
		"doMenu()": {
			"Syntax": "**.doMenu**()",
			"Params": [],
			"Summary": ""
		},
		"doSettings()": {
			"Syntax": "**.doSettings**()",
			"Params": [],
			"Summary": ""
		},
		"getComponents()": {
			"Syntax": "**.getComponents**( *folder* : 4D.Folder ) : Collection",
			"Params": [
				[
					"folder",
					"4D.Folder",
					"->"
				],
				[
					"",
					"Collection",
					"<-"
				]
			],
			"Summary": ""
		},
		"close()": {
			"Syntax": "**.close**()",
			"Params": [],
			"Summary": ""
		},
		"init()": {
			"Syntax": "**.init**()",
			"Params": [],
			"Summary": ""
		},
		"doDrop()": {
			"Syntax": "**.doDrop**() : Integer",
			"Params": [
				[
					"",
					"Integer",
					"<-"
				]
			],
			"Summary": ""
		},
		"display()": {
			"Syntax": "**.display**()",
			"Params": [],
			"Summary": ""
		},
		"getPMComponents()": {
			"Syntax": "**.getPMComponents**() : Collection",
			"Params": [
				[
					"",
					"Collection",
					"<-"
				]
			],
			"Summary": ""
		},
		"abort()": {
			"Syntax": "**.abort**()",
			"Params": [],
			"Summary": ""
		},
		"reload()": {
			"Syntax": "**.reload**()",
			"Params": [],
			"Summary": ""
		},
		"collapseExpand()": {
			"Syntax": "**.collapseExpand**( *displayed* : Integer )",
			"Params": [
				[
					"displayed",
					"Integer",
					"->"
				]
			],
			"Summary": ""
		},
		"getTools()": {
			"Syntax": "**.getTools**() : Collection",
			"Params": [
				[
					"",
					"Collection",
					"<-"
				]
			],
			"Summary": ""
		},
		"position()": {
			"Syntax": "**.position**( *position* : Text )",
			"Params": [
				[
					"position",
					"Text",
					"->"
				]
			],
			"Summary": ""
		},
		"getDependencies()": {
			"Syntax": "**.getDependencies**() : Collection",
			"Params": [
				[
					"",
					"Collection",
					"<-"
				]
			],
			"Summary": ""
		},
		"doAbout()": {
			"Syntax": "**.doAbout**()",
			"Params": [],
			"Summary": ""
		},
		"execute()": {
			"Syntax": "**.execute**( *e* : Object ) : Boolean",
			"Params": [
				[
					"e",
					"Object",
					"->"
				],
				[
					"",
					"Boolean",
					"<-"
				]
			],
			"Summary": ""
		},
		"load()": {
			"Syntax": "**.load**() : Object",
			"Params": [
				[
					"",
					"Object",
					"<-"
				]
			],
			"Summary": ""
		},
		"properties": {
			"Syntax": "properties : Object"
		},
		"env": {
			"Syntax": "env : cs.pop.env"
		},
		"preferences": {
			"Syntax": "preferences : cs.pop.Preferences"
		},
		"database": {
			"Syntax": "database : cs.pop.database"
		},
		"motor": {
			"Syntax": "motor : cs.pop.motor"
		}
	},
	"motor": {
		"setUpdateFolder()": {
			"Syntax": "**.setUpdateFolder**( *folder* : Variant; *silent* : Boolean )",
			"Params": [
				[
					"folder",
					"Variant",
					"->"
				],
				[
					"silent",
					"Boolean",
					"->"
				]
			],
			"Summary": ""
		},
		"quit()": {
			"Syntax": "**.quit**( *delay* : Integer )",
			"Params": [
				[
					"delay",
					"Integer",
					"->"
				]
			],
			"Summary": ""
		},
		"restart()": {
			"Syntax": "**.restart**( *delay* : Integer; *message* : Text )",
			"Params": [
				[
					"delay",
					"Integer",
					"->"
				],
				[
					"message",
					"Text",
					"->"
				]
			],
			"Summary": ""
		},
		"get version()": {
			"Syntax": "**.get version**() : Text",
			"Params": [
				[
					"",
					"Text",
					"<-"
				]
			],
			"Summary": ""
		},
		"get machine()": {
			"Syntax": "**.get machine**() : Text",
			"Params": [
				[
					"",
					"Text",
					"<-"
				]
			],
			"Summary": ""
		},
		"get sdi()": {
			"Syntax": "**.get sdi**() : Boolean",
			"Params": [
				[
					"",
					"Boolean",
					"<-"
				]
			],
			"Summary": ""
		},
		"get branch()": {
			"Syntax": "**.get branch**() : Text",
			"Params": [
				[
					"",
					"Text",
					"<-"
				]
			],
			"Summary": ""
		},
		"get longVersion()": {
			"Syntax": "**.get longVersion**() : Text",
			"Params": [
				[
					"",
					"Text",
					"<-"
				]
			],
			"Summary": ""
		},
		"get merged()": {
			"Syntax": "**.get merged**() : Boolean",
			"Params": [
				[
					"",
					"Boolean",
					"<-"
				]
			],
			"Summary": ""
		},
		"get demo()": {
			"Syntax": "**.get demo**() : Boolean",
			"Params": [
				[
					"",
					"Boolean",
					"<-"
				]
			],
			"Summary": ""
		},
		"get server()": {
			"Syntax": "**.get server**() : Boolean",
			"Params": [
				[
					"",
					"Boolean",
					"<-"
				]
			],
			"Summary": ""
		},
		"get shortVersion()": {
			"Syntax": "**.get shortVersion**() : Text",
			"Params": [
				[
					"",
					"Text",
					"<-"
				]
			],
			"Summary": ""
		},
		"get debug()": {
			"Syntax": "**.get debug**() : Boolean",
			"Params": [
				[
					"",
					"Boolean",
					"<-"
				]
			],
			"Summary": ""
		},
		"get root()": {
			"Syntax": "**.get root**() : 4D.Folder",
			"Params": [
				[
					"",
					"4D.Folder",
					"<-"
				]
			],
			"Summary": ""
		},
		"get service()": {
			"Syntax": "**.get service**() : Boolean",
			"Params": [
				[
					"",
					"Boolean",
					"<-"
				]
			],
			"Summary": ""
		},
		"get arm()": {
			"Syntax": "**.get arm**() : Boolean",
			"Params": [
				[
					"",
					"Boolean",
					"<-"
				]
			],
			"Summary": ""
		},
		"get headless()": {
			"Syntax": "**.get headless**() : Boolean",
			"Params": [
				[
					"",
					"Boolean",
					"<-"
				]
			],
			"Summary": ""
		},
		"rejectNewConnections()": {
			"Syntax": "**.rejectNewConnections**()",
			"Params": [],
			"Summary": ""
		},
		"get ipv4()": {
			"Syntax": "**.get ipv4**() : Text",
			"Params": [
				[
					"",
					"Text",
					"<-"
				]
			],
			"Summary": ""
		},
		"get newConnectionsAllowed()": {
			"Syntax": "**.get newConnectionsAllowed**() : Boolean",
			"Params": [
				[
					"",
					"Boolean",
					"<-"
				]
			],
			"Summary": ""
		},
		"get buildNumber()": {
			"Syntax": "**.get buildNumber**() : Integer",
			"Params": [
				[
					"",
					"Integer",
					"<-"
				]
			],
			"Summary": ""
		},
		"get remote()": {
			"Syntax": "**.get remote**() : Boolean",
			"Params": [
				[
					"",
					"Boolean",
					"<-"
				]
			],
			"Summary": ""
		},
		"get local()": {
			"Syntax": "**.get local**() : Boolean",
			"Params": [
				[
					"",
					"Boolean",
					"<-"
				]
			],
			"Summary": ""
		},
		"acceptNewConnections()": {
			"Syntax": "**.acceptNewConnections**()",
			"Params": [],
			"Summary": ""
		},
		"languages": {
			"Syntax": "languages : Object"
		},
		"os": {
			"Syntax": "os : Object"
		},
		"infos": {
			"Syntax": "infos : Object"
		},
		"_inheritedFrom_": "_classCore"
	},
	"coord": {
		"applyToWidget()": {
			"Syntax": "**.applyToWidget**( *name* : Text )",
			"Params": [
				[
					"name",
					"Text",
					"->"
				]
			],
			"Summary": ""
		},
		"get dimensions()": {
			"Syntax": "**.get dimensions**() : Object",
			"Params": [
				[
					"",
					"Object",
					"<-"
				]
			],
			"Summary": ""
		},
		"applyToWindow()": {
			"Syntax": "**.applyToWindow**( *winRef* : Integer )",
			"Params": [
				[
					"winRef",
					"Integer",
					"->"
				]
			],
			"Summary": ""
		},
		"get height()": {
			"Syntax": "**.get height**() : Integer",
			"Params": [
				[
					"",
					"Integer",
					"<-"
				]
			],
			"Summary": ""
		},
		"get windowCoordinates()": {
			"Syntax": "**.get windowCoordinates**() : Object",
			"Params": [
				[
					"",
					"Object",
					"<-"
				]
			],
			"Summary": ""
		},
		"get width()": {
			"Syntax": "**.get width**() : Integer",
			"Params": [
				[
					"",
					"Integer",
					"<-"
				]
			],
			"Summary": ""
		},
		"get screenCoordinates()": {
			"Syntax": "**.get screenCoordinates**() : Object",
			"Params": [
				[
					"",
					"Object",
					"<-"
				]
			],
			"Summary": ""
		}
	},
	"_widget": {
		"getIcon()": {
			"Syntax": "**.getIcon**( *file* : 4D.File; *size* : Integer; *crop* : Boolean ) : Picture",
			"Params": [
				[
					"file",
					"4D.File",
					"->"
				],
				[
					"size",
					"Integer",
					"->"
				],
				[
					"crop",
					"Boolean",
					"->"
				],
				[
					"",
					"Picture",
					"<-"
				]
			],
			"Summary": ""
		}
	},
	"menuBar": {
		"defaultMinimalMenuBar()": {
			"Syntax": "**.defaultMinimalMenuBar**() : cs.pop.menuBar",
			"Params": [
				[
					"",
					"cs.pop.menuBar",
					"<-"
				]
			],
			"Summary": ""
		},
		"disableItem()": {
			"Syntax": "**.disableItem**( *item* : Text )",
			"Params": [
				[
					"item",
					"Text",
					"->"
				]
			],
			"Summary": ""
		},
		"enableItem()": {
			"Syntax": "**.enableItem**( *item* : Text; *enabled* : Boolean )",
			"Params": [
				[
					"item",
					"Text",
					"->"
				],
				[
					"enabled",
					"Boolean",
					"->"
				]
			],
			"Summary": ""
		},
		"set()": {
			"Syntax": "**.set**() : cs.pop.menuBar",
			"Params": [
				[
					"",
					"cs.pop.menuBar",
					"<-"
				]
			],
			"Summary": ""
		},
		"_inheritedFrom_": "menu"
	},
	"svg": {
		"polarToCartesian()": {
			"Syntax": "**.polarToCartesian**( *point* : Collection; *r* : Real; *degree* : Integer ) : Collection",
			"Params": [
				[
					"point",
					"Collection",
					"->"
				],
				[
					"r",
					"Real",
					"->"
				],
				[
					"degree",
					"Integer",
					"->"
				],
				[
					"",
					"Collection",
					"<-"
				]
			],
			"Summary": ""
		},
		"point()": {
			"Syntax": "**.point**( *x* : Real; *y* : Real ) : Collection",
			"Params": [
				[
					"x",
					"Real",
					"->"
				],
				[
					"y",
					"Real",
					"->"
				],
				[
					"",
					"Collection",
					"<-"
				]
			],
			"Summary": ""
		},
		"TextToPicture()": {
			"Syntax": "**.TextToPicture**( *text* : Text; *attributes* : Object ) : Picture",
			"Params": [
				[
					"text",
					"Text",
					"->"
				],
				[
					"attributes",
					"Object",
					"->"
				],
				[
					"",
					"Picture",
					"<-"
				]
			],
			"Summary": ""
		},
		"getTextWidth()": {
			"Syntax": "**.getTextWidth**( *string* : Text; *fontAttributes* : Object )->width : Integer",
			"Params": [
				[
					"string",
					"Text",
					"->"
				],
				[
					"fontAttributes",
					"Object",
					"->"
				],
				[
					"width",
					"Integer",
					"<-"
				]
			],
			"Summary": ""
		},
		"preview()": {
			"Syntax": "**.preview**( *keepStructure* : Boolean )",
			"Params": [
				[
					"keepStructure",
					"Boolean",
					"->"
				]
			],
			"Summary": ""
		},
		"isOfClass()": {
			"Syntax": "**.isOfClass**( *class* : Text; *applyTo* : Variant ) : Boolean",
			"Params": [
				[
					"class",
					"Text",
					"->"
				],
				[
					"applyTo",
					"Variant",
					"->"
				],
				[
					"",
					"Boolean",
					"<-"
				]
			],
			"Summary": ""
		},
		"addClass()": {
			"Syntax": "**.addClass**( *class* : Text; *applyTo* : Variant ) : cs.pop.svg",
			"Params": [
				[
					"class",
					"Text",
					"->"
				],
				[
					"applyTo",
					"Variant",
					"->"
				],
				[
					"",
					"cs.pop.svg",
					"<-"
				]
			],
			"Summary": ""
		},
		"hide()": {
			"Syntax": "**.hide**( *applyTo* : Variant ) : cs.pop.svg",
			"Params": [
				[
					"applyTo",
					"Variant",
					"->"
				],
				[
					"",
					"cs.pop.svg",
					"<-"
				]
			],
			"Summary": ""
		},
		"show()": {
			"Syntax": "**.show**( *applyTo* : Variant ) : cs.pop.svg",
			"Params": [
				[
					"applyTo",
					"Variant",
					"->"
				],
				[
					"",
					"cs.pop.svg",
					"<-"
				]
			],
			"Summary": ""
		},
		"radius()": {
			"Syntax": "**.radius**( *radius* : Integer; *applyTo* : Variant ) : cs.pop.svg",
			"Params": [
				[
					"radius",
					"Integer",
					"->"
				],
				[
					"applyTo",
					"Variant",
					"->"
				],
				[
					"",
					"cs.pop.svg",
					"<-"
				]
			],
			"Summary": ""
		},
		"plot()": {
			"Syntax": "**.plot**( *points* : Variant; *applyTo* : Variant ) : cs.pop.svg",
			"Params": [
				[
					"points",
					"Variant",
					"->"
				],
				[
					"applyTo",
					"Variant",
					"->"
				],
				[
					"",
					"cs.pop.svg",
					"<-"
				]
			],
			"Summary": ""
		},
		"moveHorizontally()": {
			"Syntax": "**.moveHorizontally**( *x* : Real; *applyTo* : Variant ) : cs.pop.svg",
			"Params": [
				[
					"x",
					"Real",
					"->"
				],
				[
					"applyTo",
					"Variant",
					"->"
				],
				[
					"",
					"cs.pop.svg",
					"<-"
				]
			],
			"Summary": ""
		},
		"size()": {
			"Syntax": "**.size**( *width* : Real; *height* : Real; *unit* : Text ) : cs.pop.svg",
			"Params": [
				[
					"width",
					"Real",
					"->"
				],
				[
					"height",
					"Real",
					"->"
				],
				[
					"unit",
					"Text",
					"->"
				],
				[
					"",
					"cs.pop.svg",
					"<-"
				]
			],
			"Summary": ""
		},
		"dropShadow()": {
			"Syntax": "**.dropShadow**( *stdDeviation* : Integer; *dx* : Integer; *dy* : Integer ) : cs.pop.svg",
			"Params": [
				[
					"stdDeviation",
					"Integer",
					"->"
				],
				[
					"dx",
					"Integer",
					"->"
				],
				[
					"dy",
					"Integer",
					"->"
				],
				[
					"",
					"cs.pop.svg",
					"<-"
				]
			],
			"Summary": ""
		},
		"fill()": {
			"Syntax": "**.fill**( *value* : Variant; *applyTo* : Variant ) : cs.pop.svg",
			"Params": [
				[
					"value",
					"Variant",
					"->"
				],
				[
					"applyTo",
					"Variant",
					"->"
				],
				[
					"",
					"cs.pop.svg",
					"<-"
				]
			],
			"Summary": ""
		},
		"position()": {
			"Syntax": "**.position**( *x* : Real; *y* : Variant; *unit* : Text ) : cs.pop.svg",
			"Params": [
				[
					"x",
					"Real",
					"->"
				],
				[
					"y",
					"Variant",
					"->"
				],
				[
					"unit",
					"Text",
					"->"
				],
				[
					"",
					"cs.pop.svg",
					"<-"
				]
			],
			"Summary": ""
		},
		"stroke()": {
			"Syntax": "**.stroke**( *value* : Variant; *applyTo* : Variant ) : cs.pop.svg",
			"Params": [
				[
					"value",
					"Variant",
					"->"
				],
				[
					"applyTo",
					"Variant",
					"->"
				],
				[
					"",
					"cs.pop.svg",
					"<-"
				]
			],
			"Summary": ""
		},
		"opacity()": {
			"Syntax": "**.opacity**( *opacity* : Real; *applyTo* : Variant ) : cs.pop.svg",
			"Params": [
				[
					"opacity",
					"Real",
					"->"
				],
				[
					"applyTo",
					"Variant",
					"->"
				],
				[
					"",
					"cs.pop.svg",
					"<-"
				]
			],
			"Summary": ""
		},
		"push()": {
			"Syntax": "**.push**( *name* : Text ) : cs.pop.svg",
			"Params": [
				[
					"name",
					"Text",
					"->"
				],
				[
					"",
					"cs.pop.svg",
					"<-"
				]
			],
			"Summary": ""
		},
		"c()": {
			"Syntax": "**.c**( *x1* : Real; *y1* : Real; *x2* : Real; *y2* : Real; *x* : Real; *y* : Real; *applyTo* : Variant ) : cs.pop.svg",
			"Params": [
				[
					"x1",
					"Real",
					"->"
				],
				[
					"y1",
					"Real",
					"->"
				],
				[
					"x2",
					"Real",
					"->"
				],
				[
					"y2",
					"Real",
					"->"
				],
				[
					"x",
					"Real",
					"->"
				],
				[
					"y",
					"Real",
					"->"
				],
				[
					"applyTo",
					"Variant",
					"->"
				],
				[
					"",
					"cs.pop.svg",
					"<-"
				]
			],
			"Summary": ""
		},
		"fetch()": {
			"Syntax": "**.fetch**( *name* : Text )->dom : Text",
			"Params": [
				[
					"name",
					"Text",
					"->"
				],
				[
					"dom",
					"Text",
					"<-"
				]
			],
			"Summary": ""
		},
		"textRendering()": {
			"Syntax": "**.textRendering**( *rendering* : Text; *applyTo* : Variant ) : cs.pop.svg",
			"Params": [
				[
					"rendering",
					"Text",
					"->"
				],
				[
					"applyTo",
					"Variant",
					"->"
				],
				[
					"",
					"cs.pop.svg",
					"<-"
				]
			],
			"Summary": ""
		},
		"strokeOpacity()": {
			"Syntax": "**.strokeOpacity**( *opacity* : Real; *applyTo* : Variant ) : cs.pop.svg",
			"Params": [
				[
					"opacity",
					"Real",
					"->"
				],
				[
					"applyTo",
					"Variant",
					"->"
				],
				[
					"",
					"cs.pop.svg",
					"<-"
				]
			],
			"Summary": ""
		},
		"strokeColor()": {
			"Syntax": "**.strokeColor**( *color* : Text; *applyTo* : Variant ) : cs.pop.svg",
			"Params": [
				[
					"color",
					"Text",
					"->"
				],
				[
					"applyTo",
					"Variant",
					"->"
				],
				[
					"",
					"cs.pop.svg",
					"<-"
				]
			],
			"Summary": ""
		},
		"fillOpacity()": {
			"Syntax": "**.fillOpacity**( *opacity* : Real; *applyTo* : Variant ) : cs.pop.svg",
			"Params": [
				[
					"opacity",
					"Real",
					"->"
				],
				[
					"applyTo",
					"Variant",
					"->"
				],
				[
					"",
					"cs.pop.svg",
					"<-"
				]
			],
			"Summary": ""
		},
		"rotate()": {
			"Syntax": "**.rotate**( *angle* : Integer; *cx* : Variant; *cy* : Real; *applyTo* : Variant ) : cs.pop.svg",
			"Params": [
				[
					"angle",
					"Integer",
					"->"
				],
				[
					"cx",
					"Variant",
					"->"
				],
				[
					"cy",
					"Real",
					"->"
				],
				[
					"applyTo",
					"Variant",
					"->"
				],
				[
					"",
					"cs.pop.svg",
					"<-"
				]
			],
			"Summary": ""
		},
		"H()": {
			"Syntax": "**.H**( *x* : Real; *applyTo* : Variant ) : cs.pop.svg",
			"Params": [
				[
					"x",
					"Real",
					"->"
				],
				[
					"applyTo",
					"Variant",
					"->"
				],
				[
					"",
					"cs.pop.svg",
					"<-"
				]
			],
			"Summary": ""
		},
		"preserveAspectRatio()": {
			"Syntax": "**.preserveAspectRatio**( *value* : Text; *applyTo* : Variant ) : cs.pop.svg",
			"Params": [
				[
					"value",
					"Text",
					"->"
				],
				[
					"applyTo",
					"Variant",
					"->"
				],
				[
					"",
					"cs.pop.svg",
					"<-"
				]
			],
			"Summary": ""
		},
		"fontSize()": {
			"Syntax": "**.fontSize**( *size* : Integer; *applyTo* : Variant ) : cs.pop.svg",
			"Params": [
				[
					"size",
					"Integer",
					"->"
				],
				[
					"applyTo",
					"Variant",
					"->"
				],
				[
					"",
					"cs.pop.svg",
					"<-"
				]
			],
			"Summary": ""
		},
		"height()": {
			"Syntax": "**.height**( *height* : Real; *applyTo* : Variant ) : cs.pop.svg",
			"Params": [
				[
					"height",
					"Real",
					"->"
				],
				[
					"applyTo",
					"Variant",
					"->"
				],
				[
					"",
					"cs.pop.svg",
					"<-"
				]
			],
			"Summary": ""
		},
		"with()": {
			"Syntax": "**.with**( *name* : Text ) : Boolean",
			"Params": [
				[
					"name",
					"Text",
					"->"
				],
				[
					"",
					"Boolean",
					"<-"
				]
			],
			"Summary": ""
		},
		"alignment()": {
			"Syntax": "**.alignment**( *alignment* : Integer; *applyTo* : Variant ) : cs.pop.svg",
			"Params": [
				[
					"alignment",
					"Integer",
					"->"
				],
				[
					"applyTo",
					"Variant",
					"->"
				],
				[
					"",
					"cs.pop.svg",
					"<-"
				]
			],
			"Summary": ""
		},
		"font()": {
			"Syntax": "**.font**( *attributes* : Object; *applyTo* : Variant ) : cs.pop.svg",
			"Params": [
				[
					"attributes",
					"Object",
					"->"
				],
				[
					"applyTo",
					"Variant",
					"->"
				],
				[
					"",
					"cs.pop.svg",
					"<-"
				]
			],
			"Summary": ""
		},
		"ry()": {
			"Syntax": "**.ry**( *ry* : Real; *applyTo* : Variant ) : cs.pop.svg",
			"Params": [
				[
					"ry",
					"Real",
					"->"
				],
				[
					"applyTo",
					"Variant",
					"->"
				],
				[
					"",
					"cs.pop.svg",
					"<-"
				]
			],
			"Summary": ""
		},
		"smoothCubicBezierCurveto()": {
			"Syntax": "**.smoothCubicBezierCurveto**( *to* : Collection; *endCtrlPoint* : Collection; *applyTo* : Variant ) : cs.pop.svg",
			"Params": [
				[
					"to",
					"Collection",
					"->"
				],
				[
					"endCtrlPoint",
					"Collection",
					"->"
				],
				[
					"applyTo",
					"Variant",
					"->"
				],
				[
					"",
					"cs.pop.svg",
					"<-"
				]
			],
			"Summary": ""
		},
		"r()": {
			"Syntax": "**.r**( *r* : Real; *applyTo* : Variant ) : cs.pop.svg",
			"Params": [
				[
					"r",
					"Real",
					"->"
				],
				[
					"applyTo",
					"Variant",
					"->"
				],
				[
					"",
					"cs.pop.svg",
					"<-"
				]
			],
			"Summary": ""
		},
		"y()": {
			"Syntax": "**.y**( *y* : Real; *applyTo* : Variant ) : cs.pop.svg",
			"Params": [
				[
					"y",
					"Real",
					"->"
				],
				[
					"applyTo",
					"Variant",
					"->"
				],
				[
					"",
					"cs.pop.svg",
					"<-"
				]
			],
			"Summary": ""
		},
		"symbol()": {
			"Syntax": "**.symbol**( *name* : Text; *applyTo* : Variant ) : cs.pop.svg",
			"Params": [
				[
					"name",
					"Text",
					"->"
				],
				[
					"applyTo",
					"Variant",
					"->"
				],
				[
					"",
					"cs.pop.svg",
					"<-"
				]
			],
			"Summary": ""
		},
		"textArea()": {
			"Syntax": "**.textArea**( *text* : Text; *attachTo* : Variant ) : cs.pop.svg",
			"Params": [
				[
					"text",
					"Text",
					"->"
				],
				[
					"attachTo",
					"Variant",
					"->"
				],
				[
					"",
					"cs.pop.svg",
					"<-"
				]
			],
			"Summary": ""
		},
		"q()": {
			"Syntax": "**.q**( *x1* : Real; *y1* : Real; *x* : Real; *y* : Real; *applyTo* : Variant ) : cs.pop.svg",
			"Params": [
				[
					"x1",
					"Real",
					"->"
				],
				[
					"y1",
					"Real",
					"->"
				],
				[
					"x",
					"Real",
					"->"
				],
				[
					"y",
					"Real",
					"->"
				],
				[
					"applyTo",
					"Variant",
					"->"
				],
				[
					"",
					"cs.pop.svg",
					"<-"
				]
			],
			"Summary": ""
		},
		"fontStyle()": {
			"Syntax": "**.fontStyle**( *style* : Integer; *applyTo* : Variant ) : cs.pop.svg",
			"Params": [
				[
					"style",
					"Integer",
					"->"
				],
				[
					"applyTo",
					"Variant",
					"->"
				],
				[
					"",
					"cs.pop.svg",
					"<-"
				]
			],
			"Summary": ""
		},
		"use()": {
			"Syntax": "**.use**( *symbol* : Variant; *attachTo* : Variant ) : cs.pop.svg",
			"Params": [
				[
					"symbol",
					"Variant",
					"->"
				],
				[
					"attachTo",
					"Variant",
					"->"
				],
				[
					"",
					"cs.pop.svg",
					"<-"
				]
			],
			"Summary": ""
		},
		"rect()": {
			"Syntax": "**.rect**( *width* : Variant; *height* : Real; *attachTo* : Variant ) : cs.pop.svg",
			"Params": [
				[
					"width",
					"Variant",
					"->"
				],
				[
					"height",
					"Real",
					"->"
				],
				[
					"attachTo",
					"Variant",
					"->"
				],
				[
					"",
					"cs.pop.svg",
					"<-"
				]
			],
			"Summary": ""
		},
		"verticalLineto()": {
			"Syntax": "**.verticalLineto**( *y* : Real; *applyTo* : Variant ) : cs.pop.svg",
			"Params": [
				[
					"y",
					"Real",
					"->"
				],
				[
					"applyTo",
					"Variant",
					"->"
				],
				[
					"",
					"cs.pop.svg",
					"<-"
				]
			],
			"Summary": ""
		},
		"setAttribute()": {
			"Syntax": "**.setAttribute**( *name* : Text; *value* : Variant; *applyTo* : Variant ) : cs.pop.svg",
			"Params": [
				[
					"name",
					"Text",
					"->"
				],
				[
					"value",
					"Variant",
					"->"
				],
				[
					"applyTo",
					"Variant",
					"->"
				],
				[
					"",
					"cs.pop.svg",
					"<-"
				]
			],
			"Summary": ""
		},
		"Z()": {
			"Syntax": "**.Z**( *applyTo* : Variant ) : cs.pop.svg",
			"Params": [
				[
					"applyTo",
					"Variant",
					"->"
				],
				[
					"",
					"cs.pop.svg",
					"<-"
				]
			],
			"Summary": ""
		},
		"setAttributes()": {
			"Syntax": "**.setAttributes**( *attributes* : Variant; *value* : Variant; *applyTo* : Variant ) : cs.pop.svg",
			"Params": [
				[
					"attributes",
					"Variant",
					"->"
				],
				[
					"value",
					"Variant",
					"->"
				],
				[
					"applyTo",
					"Variant",
					"->"
				],
				[
					"",
					"cs.pop.svg",
					"<-"
				]
			],
			"Summary": ""
		},
		"path()": {
			"Syntax": "**.path**( *data* : Text; *attachTo* : Variant ) : cs.pop.svg",
			"Params": [
				[
					"data",
					"Text",
					"->"
				],
				[
					"attachTo",
					"Variant",
					"->"
				],
				[
					"",
					"cs.pop.svg",
					"<-"
				]
			],
			"Summary": ""
		},
		"closePath()": {
			"Syntax": "**.closePath**( *applyTo* : Variant ) : cs.pop.svg",
			"Params": [
				[
					"applyTo",
					"Variant",
					"->"
				],
				[
					"",
					"cs.pop.svg",
					"<-"
				]
			],
			"Summary": ""
		},
		"viewbox()": {
			"Syntax": "**.viewbox**( *left* : Variant; *top* : Real; *width* : Real; *height* : Real; *applyTo* : Variant ) : cs.pop.svg",
			"Params": [
				[
					"left",
					"Variant",
					"->"
				],
				[
					"top",
					"Real",
					"->"
				],
				[
					"width",
					"Real",
					"->"
				],
				[
					"height",
					"Real",
					"->"
				],
				[
					"applyTo",
					"Variant",
					"->"
				],
				[
					"",
					"cs.pop.svg",
					"<-"
				]
			],
			"Summary": ""
		},
		"T()": {
			"Syntax": "**.T**( *x* : Real; *y* : Real; *applyTo* : Variant ) : cs.pop.svg",
			"Params": [
				[
					"x",
					"Real",
					"->"
				],
				[
					"y",
					"Real",
					"->"
				],
				[
					"applyTo",
					"Variant",
					"->"
				],
				[
					"",
					"cs.pop.svg",
					"<-"
				]
			],
			"Summary": ""
		},
		"smoothQuadraticBezierCurveto()": {
			"Syntax": "**.smoothQuadraticBezierCurveto**( *to* : Collection; *applyTo* : Variant ) : cs.pop.svg",
			"Params": [
				[
					"to",
					"Collection",
					"->"
				],
				[
					"applyTo",
					"Variant",
					"->"
				],
				[
					"",
					"cs.pop.svg",
					"<-"
				]
			],
			"Summary": ""
		},
		"moveVertically()": {
			"Syntax": "**.moveVertically**( *y* : Real; *applyTo* : Variant ) : cs.pop.svg",
			"Params": [
				[
					"y",
					"Real",
					"->"
				],
				[
					"applyTo",
					"Variant",
					"->"
				],
				[
					"",
					"cs.pop.svg",
					"<-"
				]
			],
			"Summary": ""
		},
		"S()": {
			"Syntax": "**.S**( *x2* : Real; *y2* : Real; *x* : Real; *y* : Real; *applyTo* : Variant ) : cs.pop.svg",
			"Params": [
				[
					"x2",
					"Real",
					"->"
				],
				[
					"y2",
					"Real",
					"->"
				],
				[
					"x",
					"Real",
					"->"
				],
				[
					"y",
					"Real",
					"->"
				],
				[
					"applyTo",
					"Variant",
					"->"
				],
				[
					"",
					"cs.pop.svg",
					"<-"
				]
			],
			"Summary": ""
		},
		"clone()": {
			"Syntax": "**.clone**( *source* : Text; *attachTo* : Variant ) : cs.pop.svg",
			"Params": [
				[
					"source",
					"Text",
					"->"
				],
				[
					"attachTo",
					"Variant",
					"->"
				],
				[
					"",
					"cs.pop.svg",
					"<-"
				]
			],
			"Summary": ""
		},
		"setID()": {
			"Syntax": "**.setID**( *id* : Text; *applyTo* : Variant ) : cs.pop.svg",
			"Params": [
				[
					"id",
					"Text",
					"->"
				],
				[
					"applyTo",
					"Variant",
					"->"
				],
				[
					"",
					"cs.pop.svg",
					"<-"
				]
			],
			"Summary": ""
		},
		"translate()": {
			"Syntax": "**.translate**( *tx* : Real; *ty* : Variant; *applyTo* : Variant ) : cs.pop.svg",
			"Params": [
				[
					"tx",
					"Real",
					"->"
				],
				[
					"ty",
					"Variant",
					"->"
				],
				[
					"applyTo",
					"Variant",
					"->"
				],
				[
					"",
					"cs.pop.svg",
					"<-"
				]
			],
			"Summary": ""
		},
		"t()": {
			"Syntax": "**.t**( *x* : Real; *y* : Real; *applyTo* : Variant ) : cs.pop.svg",
			"Params": [
				[
					"x",
					"Real",
					"->"
				],
				[
					"y",
					"Real",
					"->"
				],
				[
					"applyTo",
					"Variant",
					"->"
				],
				[
					"",
					"cs.pop.svg",
					"<-"
				]
			],
			"Summary": ""
		},
		"C()": {
			"Syntax": "**.C**( *x1* : Real; *y1* : Real; *x2* : Real; *y2* : Real; *x* : Real; *y* : Real; *applyTo* : Variant ) : cs.pop.svg",
			"Params": [
				[
					"x1",
					"Real",
					"->"
				],
				[
					"y1",
					"Real",
					"->"
				],
				[
					"x2",
					"Real",
					"->"
				],
				[
					"y2",
					"Real",
					"->"
				],
				[
					"x",
					"Real",
					"->"
				],
				[
					"y",
					"Real",
					"->"
				],
				[
					"applyTo",
					"Variant",
					"->"
				],
				[
					"",
					"cs.pop.svg",
					"<-"
				]
			],
			"Summary": ""
		},
		"rx()": {
			"Syntax": "**.rx**( *rx* : Real; *applyTo* : Variant ) : cs.pop.svg",
			"Params": [
				[
					"rx",
					"Real",
					"->"
				],
				[
					"applyTo",
					"Variant",
					"->"
				],
				[
					"",
					"cs.pop.svg",
					"<-"
				]
			],
			"Summary": ""
		},
		"a()": {
			"Syntax": "**.a**( *rx* : Real; *ry* : Real; *rotation* : Real; *largeArcFlag* : Integer; *sweepFlag* : Integer; *x* : Real; *y* : Real; *applyTo* : Variant ) : cs.pop.svg",
			"Params": [
				[
					"rx",
					"Real",
					"->"
				],
				[
					"ry",
					"Real",
					"->"
				],
				[
					"rotation",
					"Real",
					"->"
				],
				[
					"largeArcFlag",
					"Integer",
					"->"
				],
				[
					"sweepFlag",
					"Integer",
					"->"
				],
				[
					"x",
					"Real",
					"->"
				],
				[
					"y",
					"Real",
					"->"
				],
				[
					"applyTo",
					"Variant",
					"->"
				],
				[
					"",
					"cs.pop.svg",
					"<-"
				]
			],
			"Summary": ""
		},
		"h()": {
			"Syntax": "**.h**( *x* : Real; *applyTo* : Variant ) : cs.pop.svg",
			"Params": [
				[
					"x",
					"Real",
					"->"
				],
				[
					"applyTo",
					"Variant",
					"->"
				],
				[
					"",
					"cs.pop.svg",
					"<-"
				]
			],
			"Summary": ""
		},
		"quadraticBezierCurveto()": {
			"Syntax": "**.quadraticBezierCurveto**( *to* : Collection; *controlPoint* : Collection; *applyTo* : Variant ) : cs.pop.svg",
			"Params": [
				[
					"to",
					"Collection",
					"->"
				],
				[
					"controlPoint",
					"Collection",
					"->"
				],
				[
					"applyTo",
					"Variant",
					"->"
				],
				[
					"",
					"cs.pop.svg",
					"<-"
				]
			],
			"Summary": ""
		},
		"text()": {
			"Syntax": "**.text**( *text* : Text; *attachTo* : Variant ) : cs.pop.svg",
			"Params": [
				[
					"text",
					"Text",
					"->"
				],
				[
					"attachTo",
					"Variant",
					"->"
				],
				[
					"",
					"cs.pop.svg",
					"<-"
				]
			],
			"Summary": ""
		},
		"square()": {
			"Syntax": "**.square**( *side* : Real; *attachTo* : Variant ) : cs.pop.svg",
			"Params": [
				[
					"side",
					"Real",
					"->"
				],
				[
					"attachTo",
					"Variant",
					"->"
				],
				[
					"",
					"cs.pop.svg",
					"<-"
				]
			],
			"Summary": ""
		},
		"horizontalLineto()": {
			"Syntax": "**.horizontalLineto**( *x* : Real; *applyTo* : Variant ) : cs.pop.svg",
			"Params": [
				[
					"x",
					"Real",
					"->"
				],
				[
					"applyTo",
					"Variant",
					"->"
				],
				[
					"",
					"cs.pop.svg",
					"<-"
				]
			],
			"Summary": ""
		},
		"boundedEllipse()": {
			"Syntax": "**.boundedEllipse**( *x* : Real; *y* : Real; *width* : Real; *height* : Real; *attachTo* : Variant ) : cs.pop.svg",
			"Params": [
				[
					"x",
					"Real",
					"->"
				],
				[
					"y",
					"Real",
					"->"
				],
				[
					"width",
					"Real",
					"->"
				],
				[
					"height",
					"Real",
					"->"
				],
				[
					"attachTo",
					"Variant",
					"->"
				],
				[
					"",
					"cs.pop.svg",
					"<-"
				]
			],
			"Summary": ""
		},
		"l()": {
			"Syntax": "**.l**( *points* : Variant; *applyTo* : Variant ) : cs.pop.svg",
			"Params": [
				[
					"points",
					"Variant",
					"->"
				],
				[
					"applyTo",
					"Variant",
					"->"
				],
				[
					"",
					"cs.pop.svg",
					"<-"
				]
			],
			"Summary": ""
		},
		"width()": {
			"Syntax": "**.width**( *width* : Real; *applyTo* : Variant ) : cs.pop.svg",
			"Params": [
				[
					"width",
					"Real",
					"->"
				],
				[
					"applyTo",
					"Variant",
					"->"
				],
				[
					"",
					"cs.pop.svg",
					"<-"
				]
			],
			"Summary": ""
		},
		"lineTo()": {
			"Syntax": "**.lineTo**( *point* : Collection; *applyTo* : Variant ) : cs.pop.svg",
			"Params": [
				[
					"point",
					"Collection",
					"->"
				],
				[
					"applyTo",
					"Variant",
					"->"
				],
				[
					"",
					"cs.pop.svg",
					"<-"
				]
			],
			"Summary": ""
		},
		"color()": {
			"Syntax": "**.color**( *color* : Text; *applyTo* : Variant ) : cs.pop.svg",
			"Params": [
				[
					"color",
					"Text",
					"->"
				],
				[
					"applyTo",
					"Variant",
					"->"
				],
				[
					"",
					"cs.pop.svg",
					"<-"
				]
			],
			"Summary": ""
		},
		"cy()": {
			"Syntax": "**.cy**( *cy* : Real; *applyTo* : Variant ) : cs.pop.svg",
			"Params": [
				[
					"cy",
					"Real",
					"->"
				],
				[
					"applyTo",
					"Variant",
					"->"
				],
				[
					"",
					"cs.pop.svg",
					"<-"
				]
			],
			"Summary": ""
		},
		"m()": {
			"Syntax": "**.m**( *points* : Variant; *applyTo* : Variant ) : cs.pop.svg",
			"Params": [
				[
					"points",
					"Variant",
					"->"
				],
				[
					"applyTo",
					"Variant",
					"->"
				],
				[
					"",
					"cs.pop.svg",
					"<-"
				]
			],
			"Summary": ""
		},
		"setText()": {
			"Syntax": "**.setText**( *text* : Text; *applyTo* : Variant )",
			"Params": [
				[
					"text",
					"Text",
					"->"
				],
				[
					"applyTo",
					"Variant",
					"->"
				]
			],
			"Summary": ""
		},
		"removeClass()": {
			"Syntax": "**.removeClass**( *class* : Text; *applyTo* : Variant ) : cs.pop.svg",
			"Params": [
				[
					"class",
					"Text",
					"->"
				],
				[
					"applyTo",
					"Variant",
					"->"
				],
				[
					"",
					"cs.pop.svg",
					"<-"
				]
			],
			"Summary": ""
		},
		"circle()": {
			"Syntax": "**.circle**( *r* : Real; *cx* : Real; *cy* : Real; *attachTo* : Variant ) : cs.pop.svg",
			"Params": [
				[
					"r",
					"Real",
					"->"
				],
				[
					"cx",
					"Real",
					"->"
				],
				[
					"cy",
					"Real",
					"->"
				],
				[
					"attachTo",
					"Variant",
					"->"
				],
				[
					"",
					"cs.pop.svg",
					"<-"
				]
			],
			"Summary": ""
		},
		"M()": {
			"Syntax": "**.M**( *points* : Variant; *applyTo* : Variant ) : cs.pop.svg",
			"Params": [
				[
					"points",
					"Variant",
					"->"
				],
				[
					"applyTo",
					"Variant",
					"->"
				],
				[
					"",
					"cs.pop.svg",
					"<-"
				]
			],
			"Summary": ""
		},
		"visible()": {
			"Syntax": "**.visible**( *visible* : Boolean; *applyTo* : Variant ) : cs.pop.svg",
			"Params": [
				[
					"visible",
					"Boolean",
					"->"
				],
				[
					"applyTo",
					"Variant",
					"->"
				],
				[
					"",
					"cs.pop.svg",
					"<-"
				]
			],
			"Summary": ""
		},
		"group()": {
			"Syntax": "**.group**( *id* : Text; *attachTo* : Variant ) : cs.pop.svg",
			"Params": [
				[
					"id",
					"Text",
					"->"
				],
				[
					"attachTo",
					"Variant",
					"->"
				],
				[
					"",
					"cs.pop.svg",
					"<-"
				]
			],
			"Summary": ""
		},
		"absolute()": {
			"Syntax": "**.absolute**() : cs.pop.svg",
			"Params": [
				[
					"",
					"cs.pop.svg",
					"<-"
				]
			],
			"Summary": ""
		},
		"d()": {
			"Syntax": "**.d**( *data* : Text; *applyTo* : Variant ) : cs.pop.svg",
			"Params": [
				[
					"data",
					"Text",
					"->"
				],
				[
					"applyTo",
					"Variant",
					"->"
				],
				[
					"",
					"cs.pop.svg",
					"<-"
				]
			],
			"Summary": ""
		},
		"strokeWidth()": {
			"Syntax": "**.strokeWidth**( *width* : Real; *applyTo* : Variant ) : cs.pop.svg",
			"Params": [
				[
					"width",
					"Real",
					"->"
				],
				[
					"applyTo",
					"Variant",
					"->"
				],
				[
					"",
					"cs.pop.svg",
					"<-"
				]
			],
			"Summary": ""
		},
		"polygon()": {
			"Syntax": "**.polygon**( *points* : Variant; *attachTo* : Variant ) : cs.pop.svg",
			"Params": [
				[
					"points",
					"Variant",
					"->"
				],
				[
					"attachTo",
					"Variant",
					"->"
				],
				[
					"",
					"cs.pop.svg",
					"<-"
				]
			],
			"Summary": ""
		},
		"convertToGrayScale()": {
			"Syntax": "**.convertToGrayScale**( *grey* : Variant; *applyTo* : Variant ) : cs.pop.svg",
			"Params": [
				[
					"grey",
					"Variant",
					"->"
				],
				[
					"applyTo",
					"Variant",
					"->"
				],
				[
					"",
					"cs.pop.svg",
					"<-"
				]
			],
			"Summary": ""
		},
		"points()": {
			"Syntax": "**.points**( *points* : Variant; *applyTo* : Variant ) : cs.pop.svg",
			"Params": [
				[
					"points",
					"Variant",
					"->"
				],
				[
					"applyTo",
					"Variant",
					"->"
				],
				[
					"",
					"cs.pop.svg",
					"<-"
				]
			],
			"Summary": ""
		},
		"fivePointStar()": {
			"Syntax": "**.fivePointStar**( *diameter* : Real; *cx* : Real; *cy* : Real ) : cs.pop.svg",
			"Params": [
				[
					"diameter",
					"Real",
					"->"
				],
				[
					"cx",
					"Real",
					"->"
				],
				[
					"cy",
					"Real",
					"->"
				],
				[
					"",
					"cs.pop.svg",
					"<-"
				]
			],
			"Summary": ""
		},
		"regularPolygon()": {
			"Syntax": "**.regularPolygon**( *diameter* : Real; *sides* : Integer; *cx* : Real; *cy* : Real ) : cs.pop.svg",
			"Params": [
				[
					"diameter",
					"Real",
					"->"
				],
				[
					"sides",
					"Integer",
					"->"
				],
				[
					"cx",
					"Real",
					"->"
				],
				[
					"cy",
					"Real",
					"->"
				],
				[
					"",
					"cs.pop.svg",
					"<-"
				]
			],
			"Summary": ""
		},
		"setValue()": {
			"Syntax": "**.setValue**( *value* : Text; *applyTo* : Variant; *CDATA* : Boolean ) : cs.pop.svg",
			"Params": [
				[
					"value",
					"Text",
					"->"
				],
				[
					"applyTo",
					"Variant",
					"->"
				],
				[
					"CDATA",
					"Boolean",
					"->"
				],
				[
					"",
					"cs.pop.svg",
					"<-"
				]
			],
			"Summary": ""
		},
		"polyline()": {
			"Syntax": "**.polyline**( *points* : Variant; *attachTo* : Variant ) : cs.pop.svg",
			"Params": [
				[
					"points",
					"Variant",
					"->"
				],
				[
					"attachTo",
					"Variant",
					"->"
				],
				[
					"",
					"cs.pop.svg",
					"<-"
				]
			],
			"Summary": ""
		},
		"cx()": {
			"Syntax": "**.cx**( *cx* : Real; *applyTo* : Variant ) : cs.pop.svg",
			"Params": [
				[
					"cx",
					"Real",
					"->"
				],
				[
					"applyTo",
					"Variant",
					"->"
				],
				[
					"",
					"cs.pop.svg",
					"<-"
				]
			],
			"Summary": ""
		},
		"filter()": {
			"Syntax": "**.filter**( *id* : Text; *applyTo* : Variant ) : cs.pop.svg",
			"Params": [
				[
					"id",
					"Text",
					"->"
				],
				[
					"applyTo",
					"Variant",
					"->"
				],
				[
					"",
					"cs.pop.svg",
					"<-"
				]
			],
			"Summary": ""
		},
		"styleSheet()": {
			"Syntax": "**.styleSheet**( *file* : 4D.File ) : cs.pop.svg",
			"Params": [
				[
					"file",
					"4D.File",
					"->"
				],
				[
					"",
					"cs.pop.svg",
					"<-"
				]
			],
			"Summary": ""
		},
		"relative()": {
			"Syntax": "**.relative**() : cs.pop.svg",
			"Params": [
				[
					"",
					"cs.pop.svg",
					"<-"
				]
			],
			"Summary": ""
		},
		"scale()": {
			"Syntax": "**.scale**( *sx* : Real; *sy* : Variant; *applyTo* : Variant ) : cs.pop.svg",
			"Params": [
				[
					"sx",
					"Real",
					"->"
				],
				[
					"sy",
					"Variant",
					"->"
				],
				[
					"applyTo",
					"Variant",
					"->"
				],
				[
					"",
					"cs.pop.svg",
					"<-"
				]
			],
			"Summary": ""
		},
		"arc()": {
			"Syntax": "**.arc**( *to* : Collection; *radii* : Variant; *axis* : Real; *flags* : Collection; *applyTo* : Variant ) : cs.pop.svg",
			"Params": [
				[
					"to",
					"Collection",
					"->"
				],
				[
					"radii",
					"Variant",
					"->"
				],
				[
					"axis",
					"Real",
					"->"
				],
				[
					"flags",
					"Collection",
					"->"
				],
				[
					"applyTo",
					"Variant",
					"->"
				],
				[
					"",
					"cs.pop.svg",
					"<-"
				]
			],
			"Summary": ""
		},
		"cubicBezierCurveto()": {
			"Syntax": "**.cubicBezierCurveto**( *to* : Collection; *beginCtrlPoint* : Collection; *endCtrlPoint* : Collection; *applyTo* : Variant ) : cs.pop.svg",
			"Params": [
				[
					"to",
					"Collection",
					"->"
				],
				[
					"beginCtrlPoint",
					"Collection",
					"->"
				],
				[
					"endCtrlPoint",
					"Collection",
					"->"
				],
				[
					"applyTo",
					"Variant",
					"->"
				],
				[
					"",
					"cs.pop.svg",
					"<-"
				]
			],
			"Summary": ""
		},
		"v()": {
			"Syntax": "**.v**( *x* : Real; *applyTo* : Variant ) : cs.pop.svg",
			"Params": [
				[
					"x",
					"Real",
					"->"
				],
				[
					"applyTo",
					"Variant",
					"->"
				],
				[
					"",
					"cs.pop.svg",
					"<-"
				]
			],
			"Summary": ""
		},
		"A()": {
			"Syntax": "**.A**( *rx* : Real; *ry* : Real; *rotation* : Real; *largeArcFlag* : Integer; *sweepFlag* : Integer; *x* : Real; *y* : Real; *applyTo* : Variant ) : cs.pop.svg",
			"Params": [
				[
					"rx",
					"Real",
					"->"
				],
				[
					"ry",
					"Real",
					"->"
				],
				[
					"rotation",
					"Real",
					"->"
				],
				[
					"largeArcFlag",
					"Integer",
					"->"
				],
				[
					"sweepFlag",
					"Integer",
					"->"
				],
				[
					"x",
					"Real",
					"->"
				],
				[
					"y",
					"Real",
					"->"
				],
				[
					"applyTo",
					"Variant",
					"->"
				],
				[
					"",
					"cs.pop.svg",
					"<-"
				]
			],
			"Summary": ""
		},
		"newCanvas()": {
			"Syntax": "**.newCanvas**( *attributes* : Object ) : cs.pop.svg",
			"Params": [
				[
					"attributes",
					"Object",
					"->"
				],
				[
					"",
					"cs.pop.svg",
					"<-"
				]
			],
			"Summary": ""
		},
		"layer()": {
			"Syntax": "**.layer**( *name* : Text; *...* : Text ) : cs.pop.svg",
			"Params": [
				[
					"name",
					"Text",
					"->"
				],
				[
					"",
					"Text",
					"->"
				],
				[
					"",
					"cs.pop.svg",
					"<-"
				]
			],
			"Summary": ""
		},
		"getTextHeight()": {
			"Syntax": "**.getTextHeight**( *string* : Text; *fontAttributes* : Object )->height : Integer",
			"Params": [
				[
					"string",
					"Text",
					"->"
				],
				[
					"fontAttributes",
					"Object",
					"->"
				],
				[
					"height",
					"Integer",
					"<-"
				]
			],
			"Summary": ""
		},
		"L()": {
			"Syntax": "**.L**( *points* : Variant; *applyTo* : Variant ) : cs.pop.svg",
			"Params": [
				[
					"points",
					"Variant",
					"->"
				],
				[
					"applyTo",
					"Variant",
					"->"
				],
				[
					"",
					"cs.pop.svg",
					"<-"
				]
			],
			"Summary": ""
		},
		"desc()": {
			"Syntax": "**.desc**( *description* : Text ) : cs.pop.svg",
			"Params": [
				[
					"description",
					"Text",
					"->"
				],
				[
					"",
					"cs.pop.svg",
					"<-"
				]
			],
			"Summary": ""
		},
		"s()": {
			"Syntax": "**.s**( *x2* : Real; *y2* : Real; *x* : Real; *y* : Real; *applyTo* : Variant ) : cs.pop.svg",
			"Params": [
				[
					"x2",
					"Real",
					"->"
				],
				[
					"y2",
					"Real",
					"->"
				],
				[
					"x",
					"Real",
					"->"
				],
				[
					"y",
					"Real",
					"->"
				],
				[
					"applyTo",
					"Variant",
					"->"
				],
				[
					"",
					"cs.pop.svg",
					"<-"
				]
			],
			"Summary": ""
		},
		"class()": {
			"Syntax": "**.class**( *class* : Text; *applyTo* : Variant ) : cs.pop.svg",
			"Params": [
				[
					"class",
					"Text",
					"->"
				],
				[
					"applyTo",
					"Variant",
					"->"
				],
				[
					"",
					"cs.pop.svg",
					"<-"
				]
			],
			"Summary": ""
		},
		"comment()": {
			"Syntax": "**.comment**( *comment* : Text; *attachTo* : Variant ) : cs.pop.svg",
			"Params": [
				[
					"comment",
					"Text",
					"->"
				],
				[
					"attachTo",
					"Variant",
					"->"
				],
				[
					"",
					"cs.pop.svg",
					"<-"
				]
			],
			"Summary": ""
		},
		"exportPicture()": {
			"Syntax": "**.exportPicture**( *file* : 4D.File; *keepStructure* : Boolean ) : cs.pop.svg",
			"Params": [
				[
					"file",
					"4D.File",
					"->"
				],
				[
					"keepStructure",
					"Boolean",
					"->"
				],
				[
					"",
					"cs.pop.svg",
					"<-"
				]
			],
			"Summary": ""
		},
		"dasharray()": {
			"Syntax": "**.dasharray**( *dash* : Real; *...* : Integer ) : cs.pop.svg",
			"Params": [
				[
					"dash",
					"Real",
					"->"
				],
				[
					"",
					"Integer",
					"->"
				],
				[
					"",
					"cs.pop.svg",
					"<-"
				]
			],
			"Summary": ""
		},
		"Q()": {
			"Syntax": "**.Q**( *x1* : Real; *y1* : Real; *x* : Real; *y* : Real; *applyTo* : Variant ) : cs.pop.svg",
			"Params": [
				[
					"x1",
					"Real",
					"->"
				],
				[
					"y1",
					"Real",
					"->"
				],
				[
					"x",
					"Real",
					"->"
				],
				[
					"y",
					"Real",
					"->"
				],
				[
					"applyTo",
					"Variant",
					"->"
				],
				[
					"",
					"cs.pop.svg",
					"<-"
				]
			],
			"Summary": ""
		},
		"clipPath()": {
			"Syntax": "**.clipPath**( *id* : Text; *applyTo* : Variant ) : cs.pop.svg",
			"Params": [
				[
					"id",
					"Text",
					"->"
				],
				[
					"applyTo",
					"Variant",
					"->"
				],
				[
					"",
					"cs.pop.svg",
					"<-"
				]
			],
			"Summary": ""
		},
		"title()": {
			"Syntax": "**.title**( *title* : Text ) : cs.pop.svg",
			"Params": [
				[
					"title",
					"Text",
					"->"
				],
				[
					"",
					"cs.pop.svg",
					"<-"
				]
			],
			"Summary": ""
		},
		"picture()": {
			"Syntax": "**.picture**( *exportType* : Variant; *keepStructure* : Boolean ) : Picture",
			"Params": [
				[
					"exportType",
					"Variant",
					"->"
				],
				[
					"keepStructure",
					"Boolean",
					"->"
				],
				[
					"",
					"Picture",
					"<-"
				]
			],
			"Summary": ""
		},
		"fillColor()": {
			"Syntax": "**.fillColor**( *color* : Text; *applyTo* : Variant ) : cs.pop.svg",
			"Params": [
				[
					"color",
					"Text",
					"->"
				],
				[
					"applyTo",
					"Variant",
					"->"
				],
				[
					"",
					"cs.pop.svg",
					"<-"
				]
			],
			"Summary": ""
		},
		"style()": {
			"Syntax": "**.style**( *style* : Text; *applyTo* : Variant ) : cs.pop.svg",
			"Params": [
				[
					"style",
					"Text",
					"->"
				],
				[
					"applyTo",
					"Variant",
					"->"
				],
				[
					"",
					"cs.pop.svg",
					"<-"
				]
			],
			"Summary": ""
		},
		"fontFamily()": {
			"Syntax": "**.fontFamily**( *fonts* : Text; *applyTo* : Variant ) : cs.pop.svg",
			"Params": [
				[
					"fonts",
					"Text",
					"->"
				],
				[
					"applyTo",
					"Variant",
					"->"
				],
				[
					"",
					"cs.pop.svg",
					"<-"
				]
			],
			"Summary": ""
		},
		"V()": {
			"Syntax": "**.V**( *x* : Real; *applyTo* : Variant ) : cs.pop.svg",
			"Params": [
				[
					"x",
					"Real",
					"->"
				],
				[
					"applyTo",
					"Variant",
					"->"
				],
				[
					"",
					"cs.pop.svg",
					"<-"
				]
			],
			"Summary": ""
		},
		"image()": {
			"Syntax": "**.image**( *picture* : Variant; *attachTo* : Variant ) : cs.pop.svg",
			"Params": [
				[
					"picture",
					"Variant",
					"->"
				],
				[
					"attachTo",
					"Variant",
					"->"
				],
				[
					"",
					"cs.pop.svg",
					"<-"
				]
			],
			"Summary": ""
		},
		"x()": {
			"Syntax": "**.x**( *x* : Real; *applyTo* : Variant ) : cs.pop.svg",
			"Params": [
				[
					"x",
					"Real",
					"->"
				],
				[
					"applyTo",
					"Variant",
					"->"
				],
				[
					"",
					"cs.pop.svg",
					"<-"
				]
			],
			"Summary": ""
		},
		"ellipse()": {
			"Syntax": "**.ellipse**( *rx* : Real; *ry* : Real; *cx* : Real; *cy* : Real; *attachTo* : Variant ) : cs.pop.svg",
			"Params": [
				[
					"rx",
					"Real",
					"->"
				],
				[
					"ry",
					"Real",
					"->"
				],
				[
					"cx",
					"Real",
					"->"
				],
				[
					"cy",
					"Real",
					"->"
				],
				[
					"attachTo",
					"Variant",
					"->"
				],
				[
					"",
					"cs.pop.svg",
					"<-"
				]
			],
			"Summary": ""
		},
		"moveTo()": {
			"Syntax": "**.moveTo**( *point* : Collection; *applyTo* : Variant ) : cs.pop.svg",
			"Params": [
				[
					"point",
					"Collection",
					"->"
				],
				[
					"applyTo",
					"Variant",
					"->"
				],
				[
					"",
					"cs.pop.svg",
					"<-"
				]
			],
			"Summary": ""
		},
		"exportText()": {
			"Syntax": "**.exportText**( *file* : 4D.File; *keepStructure* : Boolean ) : cs.pop.svg",
			"Params": [
				[
					"file",
					"4D.File",
					"->"
				],
				[
					"keepStructure",
					"Boolean",
					"->"
				],
				[
					"",
					"cs.pop.svg",
					"<-"
				]
			],
			"Summary": ""
		},
		"attachTo()": {
			"Syntax": "**.attachTo**( *parent* : Variant ) : cs.pop.svg",
			"Params": [
				[
					"parent",
					"Variant",
					"->"
				],
				[
					"",
					"cs.pop.svg",
					"<-"
				]
			],
			"Summary": ""
		},
		"line()": {
			"Syntax": "**.line**( *x1* : Real; *y1* : Real; *x2* : Real; *y2* : Real; *attachTo* : Variant ) : cs.pop.svg",
			"Params": [
				[
					"x1",
					"Real",
					"->"
				],
				[
					"y1",
					"Real",
					"->"
				],
				[
					"x2",
					"Real",
					"->"
				],
				[
					"y2",
					"Real",
					"->"
				],
				[
					"attachTo",
					"Variant",
					"->"
				],
				[
					"",
					"cs.pop.svg",
					"<-"
				]
			],
			"Summary": ""
		},
		"store": {
			"Syntax": "store : Collection"
		},
		"_inheritedFrom_": "xml"
	},
	"_classCore": {
		"get _()": {
			"Syntax": "**.get _**() : Object",
			"Params": [
				[
					"",
					"Object",
					"<-"
				]
			],
			"Summary": ""
		},
		"isJsonObject()": {
			"Syntax": "**.isJsonObject**( *value* : Variant ) : Boolean",
			"Params": [
				[
					"value",
					"Variant",
					"->"
				],
				[
					"",
					"Boolean",
					"<-"
				]
			],
			"Summary": ""
		},
		"isFolder()": {
			"Syntax": "**.isFolder**( *value* : Variant ) : Boolean",
			"Params": [
				[
					"value",
					"Variant",
					"->"
				],
				[
					"",
					"Boolean",
					"<-"
				]
			],
			"Summary": ""
		},
		"isFile()": {
			"Syntax": "**.isFile**( *value* : Variant ) : Boolean",
			"Params": [
				[
					"value",
					"Variant",
					"->"
				],
				[
					"",
					"Boolean",
					"<-"
				]
			],
			"Summary": ""
		},
		"isNum()": {
			"Syntax": "**.isNum**( *value* : Variant ) : Boolean",
			"Params": [
				[
					"value",
					"Variant",
					"->"
				],
				[
					"",
					"Boolean",
					"<-"
				]
			],
			"Summary": ""
		},
		"Obfuscate()": {
			"Syntax": "**.Obfuscate**( *key* : Text; *value* : Variant )",
			"Params": [
				[
					"key",
					"Text",
					"->"
				],
				[
					"value",
					"Variant",
					"->"
				]
			],
			"Summary": ""
		},
		"isPlatformPath()": {
			"Syntax": "**.isPlatformPath**( *value* : Variant ) : Boolean",
			"Params": [
				[
					"value",
					"Variant",
					"->"
				],
				[
					"",
					"Boolean",
					"<-"
				]
			],
			"Summary": ""
		},
		"get uid()": {
			"Syntax": "**.get uid**() : Text",
			"Params": [
				[
					"",
					"Text",
					"<-"
				]
			],
			"Summary": ""
		},
		"isText()": {
			"Syntax": "**.isText**( *value* : Variant ) : Boolean",
			"Params": [
				[
					"value",
					"Variant",
					"->"
				],
				[
					"",
					"Boolean",
					"<-"
				]
			],
			"Summary": ""
		},
		"Digest()": {
			"Syntax": "**.Digest**( *tgt* : Variant ) : Text",
			"Params": [
				[
					"tgt",
					"Variant",
					"->"
				],
				[
					"",
					"Text",
					"<-"
				]
			],
			"Summary": ""
		},
		"Singletonize()": {
			"Syntax": "**.Singletonize**( *instance* : Object )",
			"Params": [
				[
					"instance",
					"Object",
					"->"
				]
			],
			"Summary": ""
		},
		"get ready()": {
			"Syntax": "**.get ready**() : Boolean",
			"Params": [
				[
					"",
					"Boolean",
					"<-"
				]
			],
			"Summary": ""
		},
		"Failure()": {
			"Syntax": "**.Failure**( *value* : Boolean ) : cs.pop._classCore",
			"Params": [
				[
					"value",
					"Boolean",
					"->"
				],
				[
					"",
					"cs.pop._classCore",
					"<-"
				]
			],
			"Summary": ""
		},
		"get errors()": {
			"Syntax": "**.get errors**() : Collection",
			"Params": [
				[
					"",
					"Collection",
					"<-"
				]
			],
			"Summary": ""
		},
		"isJsonArray()": {
			"Syntax": "**.isJsonArray**( *value* : Variant ) : Boolean",
			"Params": [
				[
					"value",
					"Variant",
					"->"
				],
				[
					"",
					"Boolean",
					"<-"
				]
			],
			"Summary": ""
		},
		"get singleton()": {
			"Syntax": "**.get singleton**() : Boolean",
			"Params": [
				[
					"",
					"Boolean",
					"<-"
				]
			],
			"Summary": ""
		},
		"isJson()": {
			"Syntax": "**.isJson**( *value* : Variant ) : Boolean",
			"Params": [
				[
					"value",
					"Variant",
					"->"
				],
				[
					"",
					"Boolean",
					"<-"
				]
			],
			"Summary": ""
		},
		"get notReady()": {
			"Syntax": "**.get notReady**() : Boolean",
			"Params": [
				[
					"",
					"Boolean",
					"<-"
				]
			],
			"Summary": ""
		},
		"get lastError()": {
			"Syntax": "**.get lastError**() : Text",
			"Params": [
				[
					"",
					"Text",
					"<-"
				]
			],
			"Summary": ""
		},
		"set ready()": {
			"Syntax": "**.set ready**()",
			"Params": [],
			"Summary": ""
		},
		"get matrix()": {
			"Syntax": "**.get matrix**() : Boolean",
			"Params": [
				[
					"",
					"Boolean",
					"<-"
				]
			],
			"Summary": ""
		},
		"get fail()": {
			"Syntax": "**.get fail**() : Boolean",
			"Params": [
				[
					"",
					"Boolean",
					"<-"
				]
			],
			"Summary": ""
		},
		"Succeed()": {
			"Syntax": "**.Succeed**( *value* : Boolean ) : cs.pop._classCore",
			"Params": [
				[
					"value",
					"Boolean",
					"->"
				],
				[
					"",
					"cs.pop._classCore",
					"<-"
				]
			],
			"Summary": ""
		},
		"set success()": {
			"Syntax": "**.set success**( *value* : Boolean )",
			"Params": [
				[
					"value",
					"Boolean",
					"->"
				]
			],
			"Summary": ""
		},
		"get success()": {
			"Syntax": "**.get success**() : Boolean",
			"Params": [
				[
					"",
					"Boolean",
					"<-"
				]
			],
			"Summary": ""
		}
	},
	"Preferences": {
		"save()": {
			"Syntax": "**.save**()",
			"Params": [],
			"Summary": ""
		},
		"default()": {
			"Syntax": "**.default**( *default* : Object )",
			"Params": [
				[
					"default",
					"Object",
					"->"
				]
			],
			"Summary": ""
		},
		"set()": {
			"Syntax": "**.set**( *key* : Variant; *value* : Variant ) : cs.pop.Preferences",
			"Params": [
				[
					"key",
					"Variant",
					"->"
				],
				[
					"value",
					"Variant",
					"->"
				],
				[
					"",
					"cs.pop.Preferences",
					"<-"
				]
			],
			"Summary": ""
		},
		"get()": {
			"Syntax": "**.get**( *key* : Text ) : Variant",
			"Params": [
				[
					"key",
					"Text",
					"->"
				],
				[
					"",
					"Variant",
					"<-"
				]
			],
			"Summary": ""
		},
		"data": {
			"Syntax": "data : Object"
		},
		"file": {
			"Syntax": "file : 4D.File"
		}
	},
	"xml": {
		"isReference()": {
			"Syntax": "**.isReference**( *text* : Text ) : Boolean",
			"Params": [
				[
					"text",
					"Text",
					"->"
				],
				[
					"",
					"Boolean",
					"<-"
				]
			],
			"Summary": ""
		},
		"setValue()": {
			"Syntax": "**.setValue**( *node* : Text; *value* : Variant; *inCDATA* : Boolean ) : cs.pop.xml",
			"Params": [
				[
					"node",
					"Text",
					"->"
				],
				[
					"value",
					"Variant",
					"->"
				],
				[
					"inCDATA",
					"Boolean",
					"->"
				],
				[
					"",
					"cs.pop.xml",
					"<-"
				]
			],
			"Summary": ""
		},
		"descendants()": {
			"Syntax": "**.descendants**( *node* : Text )->descendants : Collection",
			"Params": [
				[
					"node",
					"Text",
					"->"
				],
				[
					"descendants",
					"Collection",
					"<-"
				]
			],
			"Summary": ""
		},
		"getAttributes()": {
			"Syntax": "**.getAttributes**( *node* : Text )->attributes : Object",
			"Params": [
				[
					"node",
					"Text",
					"->"
				],
				[
					"attributes",
					"Object",
					"<-"
				]
			],
			"Summary": ""
		},
		"popAttribute()": {
			"Syntax": "**.popAttribute**( *node* : Text; *attribute* : Text )->value : Variant",
			"Params": [
				[
					"node",
					"Text",
					"->"
				],
				[
					"attribute",
					"Text",
					"->"
				],
				[
					"value",
					"Variant",
					"<-"
				]
			],
			"Summary": ""
		},
		"setDeclaration()": {
			"Syntax": "**.setDeclaration**( *encoding* : Text; *standalone* : Boolean )",
			"Params": [
				[
					"encoding",
					"Text",
					"->"
				],
				[
					"standalone",
					"Boolean",
					"->"
				]
			],
			"Summary": ""
		},
		"getValue()": {
			"Syntax": "**.getValue**( *node* : Text )->value : Variant",
			"Params": [
				[
					"node",
					"Text",
					"->"
				],
				[
					"value",
					"Variant",
					"<-"
				]
			],
			"Summary": ""
		},
		"remove()": {
			"Syntax": "**.remove**( *node* : Text ) : cs.pop.xml",
			"Params": [
				[
					"node",
					"Text",
					"->"
				],
				[
					"",
					"cs.pop.xml",
					"<-"
				]
			],
			"Summary": ""
		},
		"toObject()": {
			"Syntax": "**.toObject**( *withAdresses* : Boolean ) : Object",
			"Params": [
				[
					"withAdresses",
					"Boolean",
					"->"
				],
				[
					"",
					"Object",
					"<-"
				]
			],
			"Summary": ""
		},
		"getAttribute()": {
			"Syntax": "**.getAttribute**( *node* : Text; *attribute* : Text )->value : Variant",
			"Params": [
				[
					"node",
					"Text",
					"->"
				],
				[
					"attribute",
					"Text",
					"->"
				],
				[
					"value",
					"Variant",
					"<-"
				]
			],
			"Summary": ""
		},
		"parse()": {
			"Syntax": "**.parse**( *source* : Variant; *validate* : Boolean; *schema* : Text ) : cs.pop.xml",
			"Params": [
				[
					"source",
					"Variant",
					"->"
				],
				[
					"validate",
					"Boolean",
					"->"
				],
				[
					"schema",
					"Text",
					"->"
				],
				[
					"",
					"cs.pop.xml",
					"<-"
				]
			],
			"Summary": ""
		},
		"nextSibling()": {
			"Syntax": "**.nextSibling**( *node* : Text; *name* : Text )->reference : Text",
			"Params": [
				[
					"node",
					"Text",
					"->"
				],
				[
					"name",
					"Text",
					"->"
				],
				[
					"reference",
					"Text",
					"<-"
				]
			],
			"Summary": ""
		},
		"lastChild()": {
			"Syntax": "**.lastChild**( *node* : Text; *name* : Text )->reference : Text",
			"Params": [
				[
					"node",
					"Text",
					"->"
				],
				[
					"name",
					"Text",
					"->"
				],
				[
					"reference",
					"Text",
					"<-"
				]
			],
			"Summary": ""
		},
		"firstChild()": {
			"Syntax": "**.firstChild**( *node* : Text; *name* : Text )->reference : Text",
			"Params": [
				[
					"node",
					"Text",
					"->"
				],
				[
					"name",
					"Text",
					"->"
				],
				[
					"reference",
					"Text",
					"<-"
				]
			],
			"Summary": ""
		},
		"comment()": {
			"Syntax": "**.comment**( *target* : Text; *comment* : Text )->node : Text",
			"Params": [
				[
					"target",
					"Text",
					"->"
				],
				[
					"comment",
					"Text",
					"->"
				],
				[
					"node",
					"Text",
					"<-"
				]
			],
			"Summary": ""
		},
		"setName()": {
			"Syntax": "**.setName**( *node* : Text; *name* : Text ) : cs.pop.xml",
			"Params": [
				[
					"node",
					"Text",
					"->"
				],
				[
					"name",
					"Text",
					"->"
				],
				[
					"",
					"cs.pop.xml",
					"<-"
				]
			],
			"Summary": ""
		},
		"parent()": {
			"Syntax": "**.parent**( *node* : Text; *name* : Text )->reference : Text",
			"Params": [
				[
					"node",
					"Text",
					"->"
				],
				[
					"name",
					"Text",
					"->"
				],
				[
					"reference",
					"Text",
					"<-"
				]
			],
			"Summary": ""
		},
		"findOrCreate()": {
			"Syntax": "**.findOrCreate**( *target* : Text; *value* : Text )->reference : Text",
			"Params": [
				[
					"target",
					"Text",
					"->"
				],
				[
					"value",
					"Text",
					"->"
				],
				[
					"reference",
					"Text",
					"<-"
				]
			],
			"Summary": ""
		},
		"append()": {
			"Syntax": "**.append**( *target* : Text; *source* : Text )->node : Text",
			"Params": [
				[
					"target",
					"Text",
					"->"
				],
				[
					"source",
					"Text",
					"->"
				],
				[
					"node",
					"Text",
					"<-"
				]
			],
			"Summary": ""
		},
		"childrens()": {
			"Syntax": "**.childrens**( *node* : Text )->childs : Collection",
			"Params": [
				[
					"node",
					"Text",
					"->"
				],
				[
					"childs",
					"Collection",
					"<-"
				]
			],
			"Summary": ""
		},
		"isNull()": {
			"Syntax": "**.isNull**( *reference* : Text ) : Boolean",
			"Params": [
				[
					"reference",
					"Text",
					"->"
				],
				[
					"",
					"Boolean",
					"<-"
				]
			],
			"Summary": ""
		},
		"findByName()": {
			"Syntax": "**.findByName**( *target* : Text; *name* : Text )->references : Collection",
			"Params": [
				[
					"target",
					"Text",
					"->"
				],
				[
					"name",
					"Text",
					"->"
				],
				[
					"references",
					"Collection",
					"<-"
				]
			],
			"Summary": ""
		},
		"find()": {
			"Syntax": "**.find**( *node* : Text; *xpath* : Text )->references : Collection",
			"Params": [
				[
					"node",
					"Text",
					"->"
				],
				[
					"xpath",
					"Text",
					"->"
				],
				[
					"references",
					"Collection",
					"<-"
				]
			],
			"Summary": ""
		},
		"getName()": {
			"Syntax": "**.getName**( *node* : Text )->name : Text",
			"Params": [
				[
					"node",
					"Text",
					"->"
				],
				[
					"name",
					"Text",
					"<-"
				]
			],
			"Summary": ""
		},
		"findByXPath()": {
			"Syntax": "**.findByXPath**( *xpath* : Text; *node* : Text )->reference : Text",
			"Params": [
				[
					"xpath",
					"Text",
					"->"
				],
				[
					"node",
					"Text",
					"->"
				],
				[
					"reference",
					"Text",
					"<-"
				]
			],
			"Summary": ""
		},
		"setOptions()": {
			"Syntax": "**.setOptions**( *selector* : Integer; *value* : Integer; *...* : Integer ) : cs.pop.xml",
			"Params": [
				[
					"selector",
					"Integer",
					"->"
				],
				[
					"value",
					"Integer",
					"->"
				],
				[
					"",
					"Integer",
					"->"
				],
				[
					"",
					"cs.pop.xml",
					"<-"
				]
			],
			"Summary": ""
		},
		"close()": {
			"Syntax": "**.close**() : cs.pop.xml",
			"Params": [
				[
					"",
					"cs.pop.xml",
					"<-"
				]
			],
			"Summary": ""
		},
		"setOption()": {
			"Syntax": "**.setOption**( *selector* : Integer; *value* : Integer ) : cs.pop.xml",
			"Params": [
				[
					"selector",
					"Integer",
					"->"
				],
				[
					"value",
					"Integer",
					"->"
				],
				[
					"",
					"cs.pop.xml",
					"<-"
				]
			],
			"Summary": ""
		},
		"getContent()": {
			"Syntax": "**.getContent**( *keepStructure* : Boolean )->content : Blob",
			"Params": [
				[
					"keepStructure",
					"Boolean",
					"->"
				],
				[
					"content",
					"Blob",
					"<-"
				]
			],
			"Summary": ""
		},
		"previousSibling()": {
			"Syntax": "**.previousSibling**( *node* : Text; *name* : Text )->reference : Text",
			"Params": [
				[
					"node",
					"Text",
					"->"
				],
				[
					"name",
					"Text",
					"->"
				],
				[
					"reference",
					"Text",
					"<-"
				]
			],
			"Summary": ""
		},
		"setAttributes()": {
			"Syntax": "**.setAttributes**( *node* : Text; *attributes* : Variant; *value* : Variant ) : cs.pop.xml",
			"Params": [
				[
					"node",
					"Text",
					"->"
				],
				[
					"attributes",
					"Variant",
					"->"
				],
				[
					"value",
					"Variant",
					"->"
				],
				[
					"",
					"cs.pop.xml",
					"<-"
				]
			],
			"Summary": ""
		},
		"setAttribute()": {
			"Syntax": "**.setAttribute**( *node* : Text; *name* : Text; *value* : Variant ) : cs.pop.xml",
			"Params": [
				[
					"node",
					"Text",
					"->"
				],
				[
					"name",
					"Text",
					"->"
				],
				[
					"value",
					"Variant",
					"->"
				],
				[
					"",
					"cs.pop.xml",
					"<-"
				]
			],
			"Summary": ""
		},
		"findById()": {
			"Syntax": "**.findById**( *id* : Text )->reference : Text",
			"Params": [
				[
					"id",
					"Text",
					"->"
				],
				[
					"reference",
					"Text",
					"<-"
				]
			],
			"Summary": ""
		},
		"findByAttribute()": {
			"Syntax": "**.findByAttribute**( *target* : Text; *name* : Text; *value* : Text; *valor* : Variant )->references : Collection",
			"Params": [
				[
					"target",
					"Text",
					"->"
				],
				[
					"name",
					"Text",
					"->"
				],
				[
					"value",
					"Text",
					"->"
				],
				[
					"valor",
					"Variant",
					"->"
				],
				[
					"references",
					"Collection",
					"<-"
				]
			],
			"Summary": ""
		},
		"toList()": {
			"Syntax": "**.toList**( *refPtr* : Pointer; *xpath* : Text; *root* : Text ) : Integer",
			"Params": [
				[
					"refPtr",
					"Pointer",
					"->"
				],
				[
					"xpath",
					"Text",
					"->"
				],
				[
					"root",
					"Text",
					"->"
				],
				[
					"",
					"Integer",
					"<-"
				]
			],
			"Summary": ""
		},
		"insert()": {
			"Syntax": "**.insert**( *target* : Text; *source* : Text; *index* : Integer )->node : Text",
			"Params": [
				[
					"target",
					"Text",
					"->"
				],
				[
					"source",
					"Text",
					"->"
				],
				[
					"index",
					"Integer",
					"->"
				],
				[
					"node",
					"Text",
					"<-"
				]
			],
			"Summary": ""
		},
		"getAttributesCollection()": {
			"Syntax": "**.getAttributesCollection**( *node* : Text )->attributes : Collection",
			"Params": [
				[
					"node",
					"Text",
					"->"
				],
				[
					"attributes",
					"Collection",
					"<-"
				]
			],
			"Summary": ""
		},
		"newRef()": {
			"Syntax": "**.newRef**( *root* : Text; *nameSpace* : Text; *...* : Text ) : cs.pop.xml",
			"Params": [
				[
					"root",
					"Text",
					"->"
				],
				[
					"nameSpace",
					"Text",
					"->"
				],
				[
					"",
					"Text",
					"->"
				],
				[
					"",
					"cs.pop.xml",
					"<-"
				]
			],
			"Summary": ""
		},
		"open()": {
			"Syntax": "**.open**( *file* : 4D.File; *validate* : Boolean; *schema* : Text ) : cs.pop.xml",
			"Params": [
				[
					"file",
					"4D.File",
					"->"
				],
				[
					"validate",
					"Boolean",
					"->"
				],
				[
					"schema",
					"Text",
					"->"
				],
				[
					"",
					"cs.pop.xml",
					"<-"
				]
			],
			"Summary": ""
		},
		"create()": {
			"Syntax": "**.create**( *target* : Text; *XPath* : Variant; *attributes* : Variant )->node : Text",
			"Params": [
				[
					"target",
					"Text",
					"->"
				],
				[
					"XPath",
					"Variant",
					"->"
				],
				[
					"attributes",
					"Variant",
					"->"
				],
				[
					"node",
					"Text",
					"<-"
				]
			],
			"Summary": ""
		},
		"load()": {
			"Syntax": "**.load**( *source* : Variant; *validate* : Boolean; *schema* : Text ) : cs.pop.xml",
			"Params": [
				[
					"source",
					"Variant",
					"->"
				],
				[
					"validate",
					"Boolean",
					"->"
				],
				[
					"schema",
					"Text",
					"->"
				],
				[
					"",
					"cs.pop.xml",
					"<-"
				]
			],
			"Summary": ""
		},
		"getText()": {
			"Syntax": "**.getText**( *keepStructure* : Boolean )->xml : Text",
			"Params": [
				[
					"keepStructure",
					"Boolean",
					"->"
				],
				[
					"xml",
					"Text",
					"<-"
				]
			],
			"Summary": ""
		},
		"clone()": {
			"Syntax": "**.clone**( *source* : Text; *target* : Text )->node : Text",
			"Params": [
				[
					"source",
					"Text",
					"->"
				],
				[
					"target",
					"Text",
					"->"
				],
				[
					"node",
					"Text",
					"<-"
				]
			],
			"Summary": ""
		},
		"removeAttribute()": {
			"Syntax": "**.removeAttribute**( *node* : Text; *attribute* : Text ) : cs.pop.xml",
			"Params": [
				[
					"node",
					"Text",
					"->"
				],
				[
					"attribute",
					"Text",
					"->"
				],
				[
					"",
					"cs.pop.xml",
					"<-"
				]
			],
			"Summary": ""
		},
		"isNotNull()": {
			"Syntax": "**.isNotNull**( *reference* : Text ) : Boolean",
			"Params": [
				[
					"reference",
					"Text",
					"->"
				],
				[
					"",
					"Boolean",
					"<-"
				]
			],
			"Summary": ""
		},
		"save()": {
			"Syntax": "**.save**( *file* : Variant; *keepStructure* : Boolean ) : cs.pop.xml",
			"Params": [
				[
					"file",
					"Variant",
					"->"
				],
				[
					"keepStructure",
					"Boolean",
					"->"
				],
				[
					"",
					"cs.pop.xml",
					"<-"
				]
			],
			"Summary": ""
		}
	},
	"env": {
		"get linux()": {
			"Syntax": "**.get linux**() : Boolean",
			"Params": [
				[
					"",
					"Boolean",
					"<-"
				]
			],
			"Summary": ""
		},
		"logs()": {
			"Syntax": "**.logs**( *path* : Text; *create* : Boolean ) : Object",
			"Params": [
				[
					"path",
					"Text",
					"->"
				],
				[
					"create",
					"Boolean",
					"->"
				],
				[
					"",
					"Object",
					"<-"
				]
			],
			"Summary": ""
		},
		"decodePathURL()": {
			"Syntax": "**.decodePathURL**( *url* : Text ) : Object",
			"Params": [
				[
					"url",
					"Text",
					"->"
				],
				[
					"",
					"Object",
					"<-"
				]
			],
			"Summary": ""
		},
		"library()": {
			"Syntax": "**.library**( *path* : Text; *create* : Boolean ) : Object",
			"Params": [
				[
					"path",
					"Text",
					"->"
				],
				[
					"create",
					"Boolean",
					"->"
				],
				[
					"",
					"Object",
					"<-"
				]
			],
			"Summary": ""
		},
		"getScreenInfos()": {
			"Syntax": "**.getScreenInfos**()",
			"Params": [],
			"Summary": ""
		},
		"updateEnvironmentValues()": {
			"Syntax": "**.updateEnvironmentValues**( *system* : Boolean )",
			"Params": [
				[
					"system",
					"Boolean",
					"->"
				]
			],
			"Summary": ""
		},
		"startupDisk()": {
			"Syntax": "**.startupDisk**( *path* : Text; *create* : Boolean ) : Object",
			"Params": [
				[
					"path",
					"Text",
					"->"
				],
				[
					"create",
					"Boolean",
					"->"
				],
				[
					"",
					"Object",
					"<-"
				]
			],
			"Summary": ""
		},
		"caches()": {
			"Syntax": "**.caches**( *path* : Variant; *create* : Boolean ) : Object",
			"Params": [
				[
					"path",
					"Variant",
					"->"
				],
				[
					"create",
					"Boolean",
					"->"
				],
				[
					"",
					"Object",
					"<-"
				]
			],
			"Summary": ""
		},
		"preferences()": {
			"Syntax": "**.preferences**( *path* : Text; *create* : Boolean ) : Object",
			"Params": [
				[
					"path",
					"Text",
					"->"
				],
				[
					"create",
					"Boolean",
					"->"
				],
				[
					"",
					"Object",
					"<-"
				]
			],
			"Summary": ""
		},
		"get windows()": {
			"Syntax": "**.get windows**() : Boolean",
			"Params": [
				[
					"",
					"Boolean",
					"<-"
				]
			],
			"Summary": ""
		},
		"applicationSupport()": {
			"Syntax": "**.applicationSupport**( *path* : Text; *create* : Boolean ) : Object",
			"Params": [
				[
					"path",
					"Text",
					"->"
				],
				[
					"create",
					"Boolean",
					"->"
				],
				[
					"",
					"Object",
					"<-"
				]
			],
			"Summary": ""
		},
		"get macos()": {
			"Syntax": "**.get macos**() : Boolean",
			"Params": [
				[
					"",
					"Boolean",
					"<-"
				]
			],
			"Summary": ""
		},
		"screens": {
			"Syntax": "screens : Collection"
		},
		"mainScreen": {
			"Syntax": "mainScreen : Object"
		},
		"applicationsFolder": {
			"Syntax": "applicationsFolder : 4D.Folder"
		},
		"systemFolder": {
			"Syntax": "systemFolder : 4D.Folder"
		},
		"desktopFolder": {
			"Syntax": "desktopFolder : 4D.Folder"
		},
		"systemInfos": {
			"Syntax": "systemInfos : Object"
		},
		"documentsFolder": {
			"Syntax": "documentsFolder : 4D.Folder"
		},
		"homeFolder": {
			"Syntax": "homeFolder : 4D.Folder"
		},
		"_inheritedFrom_": "_classCore"
	},
	"menu": {
		"fonts()": {
			"Syntax": "**.fonts**( *withStyle* : Variant; *callback* : Text ) : cs.pop.menu",
			"Params": [
				[
					"withStyle",
					"Variant",
					"->"
				],
				[
					"callback",
					"Text",
					"->"
				],
				[
					"",
					"cs.pop.menu",
					"<-"
				]
			],
			"Summary": ""
		},
		"isSeparatorItem()": {
			"Syntax": "**.isSeparatorItem**( *item* : Integer ) : Boolean",
			"Params": [
				[
					"item",
					"Integer",
					"->"
				],
				[
					"",
					"Boolean",
					"<-"
				]
			],
			"Summary": ""
		},
		"file()": {
			"Syntax": "**.file**() : cs.pop.menu",
			"Params": [
				[
					"",
					"cs.pop.menu",
					"<-"
				]
			],
			"Summary": ""
		},
		"itemSubMenuRef()": {
			"Syntax": "**.itemSubMenuRef**( *withTitle* : Text ) : Text",
			"Params": [
				[
					"withTitle",
					"Text",
					"->"
				],
				[
					"",
					"Text",
					"<-"
				]
			],
			"Summary": ""
		},
		"items()": {
			"Syntax": "**.items**() : Collection",
			"Params": [
				[
					"",
					"Collection",
					"<-"
				]
			],
			"Summary": ""
		},
		"item()": {
			"Syntax": "**.item**( *item* : Variant; *ref* : Text ) : Object",
			"Params": [
				[
					"item",
					"Variant",
					"->"
				],
				[
					"ref",
					"Text",
					"->"
				],
				[
					"",
					"Object",
					"<-"
				]
			],
			"Summary": ""
		},
		"menuSelected()": {
			"Syntax": "**.menuSelected**() : Object",
			"Params": [
				[
					"",
					"Object",
					"<-"
				]
			],
			"Summary": ""
		},
		"popup()": {
			"Syntax": "**.popup**( *where* : Variant; *x* : Variant; *y* : Integer ) : cs.pop.menu",
			"Params": [
				[
					"where",
					"Variant",
					"->"
				],
				[
					"x",
					"Variant",
					"->"
				],
				[
					"y",
					"Integer",
					"->"
				],
				[
					"",
					"cs.pop.menu",
					"<-"
				]
			],
			"Summary": ""
		},
		"itemCount()": {
			"Syntax": "**.itemCount**() : Integer",
			"Params": [
				[
					"",
					"Integer",
					"<-"
				]
			],
			"Summary": ""
		},
		"icon()": {
			"Syntax": "**.icon**( *proxy* : Text; *index* : Integer ) : cs.pop.menu",
			"Params": [
				[
					"proxy",
					"Text",
					"->"
				],
				[
					"index",
					"Integer",
					"->"
				],
				[
					"",
					"cs.pop.menu",
					"<-"
				]
			],
			"Summary": ""
		},
		"getData()": {
			"Syntax": "**.getData**( *name* : Text; *ref* : Text ) : Variant",
			"Params": [
				[
					"name",
					"Text",
					"->"
				],
				[
					"ref",
					"Text",
					"->"
				],
				[
					"",
					"Variant",
					"<-"
				]
			],
			"Summary": ""
		},
		"setStyle()": {
			"Syntax": "**.setStyle**( *tyle* : Integer; *index* : Integer ) : cs.pop.menu",
			"Params": [
				[
					"tyle",
					"Integer",
					"->"
				],
				[
					"index",
					"Integer",
					"->"
				],
				[
					"",
					"cs.pop.menu",
					"<-"
				]
			],
			"Summary": ""
		},
		"getProperty()": {
			"Syntax": "**.getProperty**( *property* : Text; *index* : Integer ) : Variant",
			"Params": [
				[
					"property",
					"Text",
					"->"
				],
				[
					"index",
					"Integer",
					"->"
				],
				[
					"",
					"Variant",
					"<-"
				]
			],
			"Summary": ""
		},
		"shortcut()": {
			"Syntax": "**.shortcut**( *key* : Variant; *modifier* : Integer; *index* : Integer ) : cs.pop.menu",
			"Params": [
				[
					"key",
					"Variant",
					"->"
				],
				[
					"modifier",
					"Integer",
					"->"
				],
				[
					"index",
					"Integer",
					"->"
				],
				[
					"",
					"cs.pop.menu",
					"<-"
				]
			],
			"Summary": ""
		},
		"action()": {
			"Syntax": "**.action**( *action* : Variant; *index* : Integer ) : cs.pop.menu",
			"Params": [
				[
					"action",
					"Variant",
					"->"
				],
				[
					"index",
					"Integer",
					"->"
				],
				[
					"",
					"cs.pop.menu",
					"<-"
				]
			],
			"Summary": ""
		},
		"mark()": {
			"Syntax": "**.mark**( *checked* : Boolean; *index* : Integer ) : cs.pop.menu",
			"Params": [
				[
					"checked",
					"Boolean",
					"->"
				],
				[
					"index",
					"Integer",
					"->"
				],
				[
					"",
					"cs.pop.menu",
					"<-"
				]
			],
			"Summary": ""
		},
		"property()": {
			"Syntax": "**.property**( *property* : Text; *value* : Variant; *index* : Integer ) : cs.pop.menu",
			"Params": [
				[
					"property",
					"Text",
					"->"
				],
				[
					"value",
					"Variant",
					"->"
				],
				[
					"index",
					"Integer",
					"->"
				],
				[
					"",
					"cs.pop.menu",
					"<-"
				]
			],
			"Summary": ""
		},
		"release()": {
			"Syntax": "**.release**()",
			"Params": [],
			"Summary": ""
		},
		"disable()": {
			"Syntax": "**.disable**( *index* : Integer ) : cs.pop.menu",
			"Params": [
				[
					"index",
					"Integer",
					"->"
				],
				[
					"",
					"cs.pop.menu",
					"<-"
				]
			],
			"Summary": ""
		},
		"indent()": {
			"Syntax": "**.indent**( *index* : Integer; *number* : Integer ) : cs.pop.menu",
			"Params": [
				[
					"index",
					"Integer",
					"->"
				],
				[
					"number",
					"Integer",
					"->"
				],
				[
					"",
					"cs.pop.menu",
					"<-"
				]
			],
			"Summary": ""
		},
		"add()": {
			"Syntax": "**.add**( *ref* : Text; *text* : Text; *param* : Variant; *mark* : Boolean )",
			"Params": [
				[
					"ref",
					"Text",
					"->"
				],
				[
					"text",
					"Text",
					"->"
				],
				[
					"param",
					"Variant",
					"->"
				],
				[
					"mark",
					"Boolean",
					"->"
				]
			],
			"Summary": ""
		},
		"delete()": {
			"Syntax": "**.delete**( *index* : Integer ) : cs.pop.menu",
			"Params": [
				[
					"index",
					"Integer",
					"->"
				],
				[
					"",
					"cs.pop.menu",
					"<-"
				]
			],
			"Summary": ""
		},
		"windows()": {
			"Syntax": "**.windows**( *callback* : Text ) : cs.pop.menu",
			"Params": [
				[
					"callback",
					"Text",
					"->"
				],
				[
					"",
					"cs.pop.menu",
					"<-"
				]
			],
			"Summary": ""
		},
		"edit()": {
			"Syntax": "**.edit**() : cs.pop.menu",
			"Params": [
				[
					"",
					"cs.pop.menu",
					"<-"
				]
			],
			"Summary": ""
		},
		"setData()": {
			"Syntax": "**.setData**( *name* : Text; *value* : Variant; *index* : Integer ) : cs.pop.menu",
			"Params": [
				[
					"name",
					"Text",
					"->"
				],
				[
					"value",
					"Variant",
					"->"
				],
				[
					"index",
					"Integer",
					"->"
				],
				[
					"",
					"cs.pop.menu",
					"<-"
				]
			],
			"Summary": ""
		},
		"enable()": {
			"Syntax": "**.enable**( *enabled* : Boolean; *index* : Integer ) : cs.pop.menu",
			"Params": [
				[
					"enabled",
					"Boolean",
					"->"
				],
				[
					"index",
					"Integer",
					"->"
				],
				[
					"",
					"cs.pop.menu",
					"<-"
				]
			],
			"Summary": ""
		},
		"line()": {
			"Syntax": "**.line**( *afterItem* : Integer ) : cs.pop.menu",
			"Params": [
				[
					"afterItem",
					"Integer",
					"->"
				],
				[
					"",
					"cs.pop.menu",
					"<-"
				]
			],
			"Summary": ""
		},
		"parameter()": {
			"Syntax": "**.parameter**( *param* : Text; *index* : Integer ) : cs.pop.menu",
			"Params": [
				[
					"param",
					"Text",
					"->"
				],
				[
					"index",
					"Integer",
					"->"
				],
				[
					"",
					"cs.pop.menu",
					"<-"
				]
			],
			"Summary": ""
		},
		"method()": {
			"Syntax": "**.method**( *method* : Text; *index* : Integer ) : cs.pop.menu",
			"Params": [
				[
					"method",
					"Text",
					"->"
				],
				[
					"index",
					"Integer",
					"->"
				],
				[
					"",
					"cs.pop.menu",
					"<-"
				]
			],
			"Summary": ""
		},
		"append()": {
			"Syntax": "**.append**( *item* : Variant; *param* : Variant; *mark* : Variant; *afterItem* : Integer ) : cs.pop.menu",
			"Params": [
				[
					"item",
					"Variant",
					"->"
				],
				[
					"param",
					"Variant",
					"->"
				],
				[
					"mark",
					"Variant",
					"->"
				],
				[
					"afterItem",
					"Integer",
					"->"
				],
				[
					"",
					"cs.pop.menu",
					"<-"
				]
			],
			"Summary": ""
		},
		"selected": {
			"Syntax": "selected : Boolean"
		},
		"metacharacters": {
			"Syntax": "metacharacters : Boolean"
		},
		"localize": {
			"Syntax": "localize : Boolean"
		},
		"ref": {
			"Syntax": "ref : Text"
		},
		"autoRelease": {
			"Syntax": "autoRelease : Boolean"
		},
		"choice": {
			"Syntax": "choice : Text"
		},
		"submenus": {
			"Syntax": "submenus : Collection"
		},
		"data": {
			"Syntax": "data : Collection"
		}
	}
}