{
	"_method_": {},
	"cs.pop": {
		"database": {
			"new()": {
				"Syntax": "**.new**( *full* : Boolean )",
				"Params": [
					[
						"full",
						"Boolean",
						"->"
					]
				],
				"Summary": ""
			}
		},
		"coord": {
			"new()": {
				"Syntax": "**.new**( *left* : Variant; *top* : Integer; *right* : Integer; *bottom* : Integer )",
				"Params": [
					[
						"left",
						"Variant",
						"->"
					],
					[
						"top",
						"Integer",
						"->"
					],
					[
						"right",
						"Integer",
						"->"
					],
					[
						"bottom",
						"Integer",
						"->"
					]
				],
				"Summary": ""
			}
		},
		"env": {
			"new()": {
				"Syntax": "**.new**( *full* : Boolean )",
				"Params": [
					[
						"full",
						"Boolean",
						"->"
					]
				],
				"Summary": ""
			}
		},
		"menu": {
			"new()": {
				"Syntax": "**.new**( *data* : Variant )",
				"Params": [
					[
						"data",
						"Variant",
						"->"
					]
				],
				"Summary": ""
			}
		},
		"menuBar": {
			"new()": {
				"Syntax": "**.new**( *menus* : Collection )",
				"Params": [
					[
						"menus",
						"Collection",
						"->"
					]
				],
				"Summary": ""
			}
		},
		"motor": {
			"new()": {
				"Syntax": "**.new**()",
				"Params": [],
				"Summary": ""
			}
		},
		"os": {
			"new()": {
				"Syntax": "**.new**()",
				"Params": [],
				"Summary": ""
			}
		},
		"_4DPop": {
			"new()": {
				"Syntax": "**.new**()",
				"Params": [],
				"Summary": ""
			}
		},
		"_classCore": {
			"new()": {
				"Syntax": "**.new**()",
				"Params": [],
				"Summary": ""
			}
		},
		"_widget": {
			"new()": {
				"Syntax": "**.new**( *component* : Object; *manifest* : Object )",
				"Params": [
					[
						"component",
						"Object",
						"->"
					],
					[
						"manifest",
						"Object",
						"->"
					]
				],
				"Summary": ""
			}
		},
		"Preferences": {
			"new()": {
				"Syntax": "**.new**( *module* : Text )",
				"Params": [
					[
						"module",
						"Text",
						"->"
					]
				],
				"Summary": ""
			}
		}
	},
	"database": {
		"restartInterpreted()": {
			"Syntax": "**.restartInterpreted**( *userParam* : Variant ) : Object",
			"Params": [
				[
					"userParam",
					"Variant",
					"->"
				],
				[
					"",
					"Object",
					"<-"
				]
			],
			"Summary": ""
		},
		"diagnosticLog()": {
			"Syntax": "**.diagnosticLog**( *enable* : Boolean )",
			"Params": [
				[
					"enable",
					"Boolean",
					"->"
				]
			],
			"Summary": ""
		},
		"stopDiagnosticLog()": {
			"Syntax": "**.stopDiagnosticLog**()",
			"Params": [],
			"Summary": ""
		},
		"deleteDebugLogs()": {
			"Syntax": "**.deleteDebugLogs**()",
			"Params": [],
			"Summary": ""
		},
		"methods()": {
			"Syntax": "**.methods**( *filter* : Text ) : Collection",
			"Params": [
				[
					"filter",
					"Text",
					"->"
				],
				[
					"",
					"Collection",
					"<-"
				]
			],
			"Summary": ""
		},
		"debugLog()": {
			"Syntax": "**.debugLog**( *tart* : Boolean )",
			"Params": [
				[
					"tart",
					"Boolean",
					"->"
				]
			],
			"Summary": ""
		},
		"startDiagnosticLog()": {
			"Syntax": "**.startDiagnosticLog**()",
			"Params": [],
			"Summary": ""
		},
		"restartCompiled()": {
			"Syntax": "**.restartCompiled**( *userParam* : Variant ) : Object",
			"Params": [
				[
					"userParam",
					"Variant",
					"->"
				],
				[
					"",
					"Object",
					"<-"
				]
			],
			"Summary": ""
		},
		"isDataEmpty()": {
			"Syntax": "**.isDataEmpty**( *legacy* : Boolean ) : Boolean",
			"Params": [
				[
					"legacy",
					"Boolean",
					"->"
				],
				[
					"",
					"Boolean",
					"<-"
				]
			],
			"Summary": ""
		},
		"stopDebugLog()": {
			"Syntax": "**.stopDebugLog**()",
			"Params": [],
			"Summary": ""
		},
		"get interpreted()": {
			"Syntax": "**.get interpreted**() : Boolean",
			"Params": [
				[
					"",
					"Boolean",
					"<-"
				]
			],
			"Summary": ""
		},
		"startDebugLog()": {
			"Syntax": "**.startDebugLog**( *delete* : Boolean )",
			"Params": [
				[
					"delete",
					"Boolean",
					"->"
				]
			],
			"Summary": ""
		},
		"setUserParam()": {
			"Syntax": "**.setUserParam**( *userParam* : Variant )",
			"Params": [
				[
					"userParam",
					"Variant",
					"->"
				]
			],
			"Summary": ""
		},
		"clearCompiledCode()": {
			"Syntax": "**.clearCompiledCode**()",
			"Params": [],
			"Summary": ""
		},
		"compile()": {
			"Syntax": "**.compile**( *options* : Object ) : Boolean",
			"Params": [
				[
					"options",
					"Object",
					"->"
				],
				[
					"",
					"Boolean",
					"<-"
				]
			],
			"Summary": ""
		},
		"isPluginAvailable()": {
			"Syntax": "**.isPluginAvailable**( *name* : Text ) : Boolean",
			"Params": [
				[
					"name",
					"Text",
					"->"
				],
				[
					"",
					"Boolean",
					"<-"
				]
			],
			"Summary": ""
		},
		"deleteGeometry()": {
			"Syntax": "**.deleteGeometry**()",
			"Params": [],
			"Summary": ""
		},
		"get remote()": {
			"Syntax": "**.get remote**() : Boolean",
			"Params": [
				[
					"",
					"Boolean",
					"<-"
				]
			],
			"Summary": ""
		},
		"get compiled()": {
			"Syntax": "**.get compiled**() : Boolean",
			"Params": [
				[
					"",
					"Boolean",
					"<-"
				]
			],
			"Summary": ""
		},
		"get server()": {
			"Syntax": "**.get server**() : Boolean",
			"Params": [
				[
					"",
					"Boolean",
					"<-"
				]
			],
			"Summary": ""
		},
		"isWritable()": {
			"Syntax": "**.isWritable**() : Boolean",
			"Params": [
				[
					"",
					"Boolean",
					"<-"
				]
			],
			"Summary": ""
		},
		"isComponentAvailable()": {
			"Syntax": "**.isComponentAvailable**( *name* : Text ) : Boolean",
			"Params": [
				[
					"name",
					"Text",
					"->"
				],
				[
					"",
					"Boolean",
					"<-"
				]
			],
			"Summary": ""
		},
		"isMethodAvailable()": {
			"Syntax": "**.isMethodAvailable**( *name* : Text ) : Boolean",
			"Params": [
				[
					"name",
					"Text",
					"->"
				],
				[
					"",
					"Boolean",
					"<-"
				]
			],
			"Summary": ""
		},
		"get local()": {
			"Syntax": "**.get local**() : Boolean",
			"Params": [
				[
					"",
					"Boolean",
					"<-"
				]
			],
			"Summary": ""
		},
		"setUpdateFolder()": {
			"Syntax": "**.setUpdateFolder**( *folder* : Variant; *silent* : Boolean )",
			"Params": [
				[
					"folder",
					"Variant",
					"->"
				],
				[
					"silent",
					"Boolean",
					"->"
				]
			],
			"Summary": ""
		},
		"restart()": {
			"Syntax": "**.restart**( *options* : Variant; *message* : Text )",
			"Params": [
				[
					"options",
					"Variant",
					"->"
				],
				[
					"message",
					"Text",
					"->"
				]
			],
			"Summary": ""
		},
		"get mode()": {
			"Syntax": "**.get mode**() : Text",
			"Params": [
				[
					"",
					"Text",
					"<-"
				]
			],
			"Summary": ""
		},
		"parameters": {
			"Syntax": "parameters : Variant"
		},
		"plugins": {
			"Syntax": "plugins : Collection"
		},
		"project": {
			"Syntax": "project : Object"
		},
		"components": {
			"Syntax": "components : Collection"
		},
		"buildAppSettingsFile": {
			"Syntax": "buildAppSettingsFile : 4D.File"
		},
		"plistFile": {
			"Syntax": "plistFile : 4D.File"
		},
		"compatibilityVersion": {
			"Syntax": "compatibilityVersion : Integer"
		},
		"dataFile": {
			"Syntax": "dataFile : 4D.File"
		},
		"userPreferencesFolder": {
			"Syntax": "userPreferencesFolder : 4D.Folder"
		},
		"type": {
			"Syntax": "type : Text"
		},
		"resourcesFolder": {
			"Syntax": "resourcesFolder : 4D.Folder"
		},
		"settingsFolder": {
			"Syntax": "settingsFolder : 4D.Folder"
		},
		"dataFolder": {
			"Syntax": "dataFolder : 4D.Folder"
		},
		"motor": {
			"Syntax": "motor : cs.pop.motor"
		},
		"isBinary": {
			"Syntax": "isBinary : Boolean"
		},
		"databaseFolder": {
			"Syntax": "databaseFolder : 4D.Folder"
		},
		"isRemote": {
			"Syntax": "isRemote : Boolean"
		},
		"isModifiable": {
			"Syntax": "isModifiable : Boolean"
		},
		"isServer": {
			"Syntax": "isServer : Boolean"
		},
		"dataReadOnly": {
			"Syntax": "dataReadOnly : Boolean"
		},
		"isDataless": {
			"Syntax": "isDataless : Boolean"
		},
		"isDebug": {
			"Syntax": "isDebug : Boolean"
		},
		"isLocal": {
			"Syntax": "isLocal : Boolean"
		},
		"isMatrix": {
			"Syntax": "isMatrix : Boolean"
		},
		"isProject": {
			"Syntax": "isProject : Boolean"
		},
		"structureFile": {
			"Syntax": "structureFile : 4D.File"
		},
		"isComponent": {
			"Syntax": "isComponent : Boolean"
		},
		"version": {
			"Syntax": "version : Text"
		},
		"isInterpreted": {
			"Syntax": "isInterpreted : Boolean"
		},
		"isCompiled": {
			"Syntax": "isCompiled : Boolean"
		},
		"preferencesFolder": {
			"Syntax": "preferencesFolder : 4D.Folder"
		},
		"name": {
			"Syntax": "name : Text"
		},
		"internal": {
			"Syntax": "internal : Boolean"
		},
		"_inheritedFrom_": "_classCore"
	},
	"coord": {
		"applyToWindow()": {
			"Syntax": "**.applyToWindow**( *winRef* : Integer )",
			"Params": [
				[
					"winRef",
					"Integer",
					"->"
				]
			],
			"Summary": ""
		},
		"get dimensions()": {
			"Syntax": "**.get dimensions**() : Object",
			"Params": [
				[
					"",
					"Object",
					"<-"
				]
			],
			"Summary": ""
		},
		"get height()": {
			"Syntax": "**.get height**() : Integer",
			"Params": [
				[
					"",
					"Integer",
					"<-"
				]
			],
			"Summary": ""
		},
		"applyToWidget()": {
			"Syntax": "**.applyToWidget**( *name* : Text )",
			"Params": [
				[
					"name",
					"Text",
					"->"
				]
			],
			"Summary": ""
		},
		"get width()": {
			"Syntax": "**.get width**() : Integer",
			"Params": [
				[
					"",
					"Integer",
					"<-"
				]
			],
			"Summary": ""
		},
		"get screenCoordinates()": {
			"Syntax": "**.get screenCoordinates**() : Object",
			"Params": [
				[
					"",
					"Object",
					"<-"
				]
			],
			"Summary": ""
		},
		"get windowCoordinates()": {
			"Syntax": "**.get windowCoordinates**() : Object",
			"Params": [
				[
					"",
					"Object",
					"<-"
				]
			],
			"Summary": ""
		},
		"bottom": {
			"Syntax": "bottom : Integer"
		},
		"right": {
			"Syntax": "right : Integer"
		},
		"top": {
			"Syntax": "top : Integer"
		},
		"left": {
			"Syntax": "left : Integer"
		},
		"name": {
			"Syntax": "name : Text"
		}
	},
	"env": {
		"decodePathURL()": {
			"Syntax": "**.decodePathURL**( *url* : Text ) : Object",
			"Params": [
				[
					"url",
					"Text",
					"->"
				],
				[
					"",
					"Object",
					"<-"
				]
			],
			"Summary": ""
		},
		"applicationSupport()": {
			"Syntax": "**.applicationSupport**( *path* : Text; *create* : Boolean ) : Object",
			"Params": [
				[
					"path",
					"Text",
					"->"
				],
				[
					"create",
					"Boolean",
					"->"
				],
				[
					"",
					"Object",
					"<-"
				]
			],
			"Summary": ""
		},
		"get windows()": {
			"Syntax": "**.get windows**() : Boolean",
			"Params": [
				[
					"",
					"Boolean",
					"<-"
				]
			],
			"Summary": ""
		},
		"windowOffsets()": {
			"Syntax": "**.windowOffsets**( *type* : Integer; *isWindows* : Boolean ) : Object",
			"Params": [
				[
					"type",
					"Integer",
					"->"
				],
				[
					"isWindows",
					"Boolean",
					"->"
				],
				[
					"",
					"Object",
					"<-"
				]
			],
			"Summary": ""
		},
		"logs()": {
			"Syntax": "**.logs**( *path* : Text; *create* : Boolean ) : Object",
			"Params": [
				[
					"path",
					"Text",
					"->"
				],
				[
					"create",
					"Boolean",
					"->"
				],
				[
					"",
					"Object",
					"<-"
				]
			],
			"Summary": ""
		},
		"caches()": {
			"Syntax": "**.caches**( *path* : Variant; *create* : Boolean ) : Object",
			"Params": [
				[
					"path",
					"Variant",
					"->"
				],
				[
					"create",
					"Boolean",
					"->"
				],
				[
					"",
					"Object",
					"<-"
				]
			],
			"Summary": ""
		},
		"library()": {
			"Syntax": "**.library**( *path* : Text; *create* : Boolean ) : Object",
			"Params": [
				[
					"path",
					"Text",
					"->"
				],
				[
					"create",
					"Boolean",
					"->"
				],
				[
					"",
					"Object",
					"<-"
				]
			],
			"Summary": ""
		},
		"preferences()": {
			"Syntax": "**.preferences**( *path* : Text; *create* : Boolean ) : Object",
			"Params": [
				[
					"path",
					"Text",
					"->"
				],
				[
					"create",
					"Boolean",
					"->"
				],
				[
					"",
					"Object",
					"<-"
				]
			],
			"Summary": ""
		},
		"getScreenInfos()": {
			"Syntax": "**.getScreenInfos**()",
			"Params": [],
			"Summary": ""
		},
		"startupDisk()": {
			"Syntax": "**.startupDisk**( *path* : Text; *create* : Boolean ) : Object",
			"Params": [
				[
					"path",
					"Text",
					"->"
				],
				[
					"create",
					"Boolean",
					"->"
				],
				[
					"",
					"Object",
					"<-"
				]
			],
			"Summary": ""
		},
		"updateEnvironmentValues()": {
			"Syntax": "**.updateEnvironmentValues**( *system* : Boolean )",
			"Params": [
				[
					"system",
					"Boolean",
					"->"
				]
			],
			"Summary": ""
		},
		"get linux()": {
			"Syntax": "**.get linux**() : Boolean",
			"Params": [
				[
					"",
					"Boolean",
					"<-"
				]
			],
			"Summary": ""
		},
		"get macos()": {
			"Syntax": "**.get macos**() : Boolean",
			"Params": [
				[
					"",
					"Boolean",
					"<-"
				]
			],
			"Summary": ""
		},
		"dateMonthPosition": {
			"Syntax": "dateMonthPosition : Integer"
		},
		"dateDayPosition": {
			"Syntax": "dateDayPosition : Integer"
		},
		"timeShortPattern": {
			"Syntax": "timeShortPattern : Text"
		},
		"timeLongPattern": {
			"Syntax": "timeLongPattern : Text"
		},
		"timePMLabel": {
			"Syntax": "timePMLabel : Text"
		},
		"timeAMLabel": {
			"Syntax": "timeAMLabel : Text"
		},
		"fileURI": {
			"Syntax": "fileURI : Text"
		},
		"timeSeparator": {
			"Syntax": "timeSeparator : Text"
		},
		"dateMediumPattern": {
			"Syntax": "dateMediumPattern : Text"
		},
		"dateLongPattern": {
			"Syntax": "dateLongPattern : Text"
		},
		"thousandSeparator": {
			"Syntax": "thousandSeparator : Text"
		},
		"decimalSeparator": {
			"Syntax": "decimalSeparator : Text"
		},
		"currencySymbol": {
			"Syntax": "currencySymbol : Text"
		},
		"systemFolder": {
			"Syntax": "systemFolder : 4D.Folder"
		},
		"mainScreen": {
			"Syntax": "mainScreen : Object"
		},
		"dateShortPattern": {
			"Syntax": "dateShortPattern : Text"
		},
		"machineName": {
			"Syntax": "machineName : Text"
		},
		"mainScreenID": {
			"Syntax": "mainScreenID : Integer"
		},
		"screens": {
			"Syntax": "screens : Collection"
		},
		"dateSeparator": {
			"Syntax": "dateSeparator : Text"
		},
		"dateYearPosition": {
			"Syntax": "dateYearPosition : Integer"
		},
		"homeFolder": {
			"Syntax": "homeFolder : 4D.Folder"
		},
		"userName": {
			"Syntax": "userName : Text"
		},
		"desktopFolder": {
			"Syntax": "desktopFolder : 4D.Folder"
		},
		"documentsFolder": {
			"Syntax": "documentsFolder : 4D.Folder"
		},
		"cacheFolder": {
			"Syntax": "cacheFolder : 4D.Folder"
		},
		"applicationsFolder": {
			"Syntax": "applicationsFolder : 4D.Folder"
		},
		"toolBarHeight": {
			"Syntax": "toolBarHeight : Integer"
		},
		"timeMediumPattern": {
			"Syntax": "timeMediumPattern : Text"
		},
		"menuBarHeight": {
			"Syntax": "menuBarHeight : Integer"
		},
		"systemInfos": {
			"Syntax": "systemInfos : Object"
		}
	},
	"menu": {
		"fonts()": {
			"Syntax": "**.fonts**( *withStyle* : Variant; *callback* : Text ) : cs.pop.menu",
			"Params": [
				[
					"withStyle",
					"Variant",
					"->"
				],
				[
					"callback",
					"Text",
					"->"
				],
				[
					"",
					"cs.pop.menu",
					"<-"
				]
			],
			"Summary": ""
		},
		"edit()": {
			"Syntax": "**.edit**() : cs.pop.menu",
			"Params": [
				[
					"",
					"cs.pop.menu",
					"<-"
				]
			],
			"Summary": ""
		},
		"windows()": {
			"Syntax": "**.windows**( *callback* : Text ) : cs.pop.menu",
			"Params": [
				[
					"callback",
					"Text",
					"->"
				],
				[
					"",
					"cs.pop.menu",
					"<-"
				]
			],
			"Summary": ""
		},
		"popup()": {
			"Syntax": "**.popup**( *where* : Variant; *x* : Variant; *y* : Integer ) : cs.pop.menu",
			"Params": [
				[
					"where",
					"Variant",
					"->"
				],
				[
					"x",
					"Variant",
					"->"
				],
				[
					"y",
					"Integer",
					"->"
				],
				[
					"",
					"cs.pop.menu",
					"<-"
				]
			],
			"Summary": ""
		},
		"getProperty()": {
			"Syntax": "**.getProperty**( *property* : Text; *index* : Integer ) : Variant",
			"Params": [
				[
					"property",
					"Text",
					"->"
				],
				[
					"index",
					"Integer",
					"->"
				],
				[
					"",
					"Variant",
					"<-"
				]
			],
			"Summary": ""
		},
		"icon()": {
			"Syntax": "**.icon**( *proxy* : Text; *index* : Integer ) : cs.pop.menu",
			"Params": [
				[
					"proxy",
					"Text",
					"->"
				],
				[
					"index",
					"Integer",
					"->"
				],
				[
					"",
					"cs.pop.menu",
					"<-"
				]
			],
			"Summary": ""
		},
		"disable()": {
			"Syntax": "**.disable**( *index* : Integer ) : cs.pop.menu",
			"Params": [
				[
					"index",
					"Integer",
					"->"
				],
				[
					"",
					"cs.pop.menu",
					"<-"
				]
			],
			"Summary": ""
		},
		"itemSubMenuRef()": {
			"Syntax": "**.itemSubMenuRef**( *withTitle* : Text ) : Text",
			"Params": [
				[
					"withTitle",
					"Text",
					"->"
				],
				[
					"",
					"Text",
					"<-"
				]
			],
			"Summary": ""
		},
		"item()": {
			"Syntax": "**.item**( *item* : Variant; *ref* : Text ) : Object",
			"Params": [
				[
					"item",
					"Variant",
					"->"
				],
				[
					"ref",
					"Text",
					"->"
				],
				[
					"",
					"Object",
					"<-"
				]
			],
			"Summary": ""
		},
		"itemCount()": {
			"Syntax": "**.itemCount**() : Integer",
			"Params": [
				[
					"",
					"Integer",
					"<-"
				]
			],
			"Summary": ""
		},
		"setData()": {
			"Syntax": "**.setData**( *name* : Text; *value* : Variant; *index* : Integer ) : cs.pop.menu",
			"Params": [
				[
					"name",
					"Text",
					"->"
				],
				[
					"value",
					"Variant",
					"->"
				],
				[
					"index",
					"Integer",
					"->"
				],
				[
					"",
					"cs.pop.menu",
					"<-"
				]
			],
			"Summary": ""
		},
		"enable()": {
			"Syntax": "**.enable**( *enabled* : Boolean; *index* : Integer ) : cs.pop.menu",
			"Params": [
				[
					"enabled",
					"Boolean",
					"->"
				],
				[
					"index",
					"Integer",
					"->"
				],
				[
					"",
					"cs.pop.menu",
					"<-"
				]
			],
			"Summary": ""
		},
		"getData()": {
			"Syntax": "**.getData**( *name* : Text; *ref* : Text ) : Variant",
			"Params": [
				[
					"name",
					"Text",
					"->"
				],
				[
					"ref",
					"Text",
					"->"
				],
				[
					"",
					"Variant",
					"<-"
				]
			],
			"Summary": ""
		},
		"property()": {
			"Syntax": "**.property**( *property* : Text; *value* : Variant; *index* : Integer ) : cs.pop.menu",
			"Params": [
				[
					"property",
					"Text",
					"->"
				],
				[
					"value",
					"Variant",
					"->"
				],
				[
					"index",
					"Integer",
					"->"
				],
				[
					"",
					"cs.pop.menu",
					"<-"
				]
			],
			"Summary": ""
		},
		"indent()": {
			"Syntax": "**.indent**( *index* : Integer; *number* : Integer ) : cs.pop.menu",
			"Params": [
				[
					"index",
					"Integer",
					"->"
				],
				[
					"number",
					"Integer",
					"->"
				],
				[
					"",
					"cs.pop.menu",
					"<-"
				]
			],
			"Summary": ""
		},
		"parameter()": {
			"Syntax": "**.parameter**( *param* : Text; *index* : Integer ) : cs.pop.menu",
			"Params": [
				[
					"param",
					"Text",
					"->"
				],
				[
					"index",
					"Integer",
					"->"
				],
				[
					"",
					"cs.pop.menu",
					"<-"
				]
			],
			"Summary": ""
		},
		"mark()": {
			"Syntax": "**.mark**( *checked* : Boolean; *index* : Integer ) : cs.pop.menu",
			"Params": [
				[
					"checked",
					"Boolean",
					"->"
				],
				[
					"index",
					"Integer",
					"->"
				],
				[
					"",
					"cs.pop.menu",
					"<-"
				]
			],
			"Summary": ""
		},
		"method()": {
			"Syntax": "**.method**( *method* : Text; *index* : Integer ) : cs.pop.menu",
			"Params": [
				[
					"method",
					"Text",
					"->"
				],
				[
					"index",
					"Integer",
					"->"
				],
				[
					"",
					"cs.pop.menu",
					"<-"
				]
			],
			"Summary": ""
		},
		"isSeparatorItem()": {
			"Syntax": "**.isSeparatorItem**( *item* : Integer; *ref* : Text ) : Boolean",
			"Params": [
				[
					"item",
					"Integer",
					"->"
				],
				[
					"ref",
					"Text",
					"->"
				],
				[
					"",
					"Boolean",
					"<-"
				]
			],
			"Summary": ""
		},
		"items()": {
			"Syntax": "**.items**() : Collection",
			"Params": [
				[
					"",
					"Collection",
					"<-"
				]
			],
			"Summary": ""
		},
		"setStyle()": {
			"Syntax": "**.setStyle**( *tyle* : Integer; *index* : Integer ) : cs.pop.menu",
			"Params": [
				[
					"tyle",
					"Integer",
					"->"
				],
				[
					"index",
					"Integer",
					"->"
				],
				[
					"",
					"cs.pop.menu",
					"<-"
				]
			],
			"Summary": ""
		},
		"delete()": {
			"Syntax": "**.delete**( *index* : Integer ) : cs.pop.menu",
			"Params": [
				[
					"index",
					"Integer",
					"->"
				],
				[
					"",
					"cs.pop.menu",
					"<-"
				]
			],
			"Summary": ""
		},
		"file()": {
			"Syntax": "**.file**() : cs.pop.menu",
			"Params": [
				[
					"",
					"cs.pop.menu",
					"<-"
				]
			],
			"Summary": ""
		},
		"shortcut()": {
			"Syntax": "**.shortcut**( *key* : Variant; *modifier* : Integer; *index* : Integer ) : cs.pop.menu",
			"Params": [
				[
					"key",
					"Variant",
					"->"
				],
				[
					"modifier",
					"Integer",
					"->"
				],
				[
					"index",
					"Integer",
					"->"
				],
				[
					"",
					"cs.pop.menu",
					"<-"
				]
			],
			"Summary": ""
		},
		"add()": {
			"Syntax": "**.add**( *ref* : Text; *text* : Text; *param* : Variant; *mark* : Boolean )",
			"Params": [
				[
					"ref",
					"Text",
					"->"
				],
				[
					"text",
					"Text",
					"->"
				],
				[
					"param",
					"Variant",
					"->"
				],
				[
					"mark",
					"Boolean",
					"->"
				]
			],
			"Summary": ""
		},
		"release()": {
			"Syntax": "**.release**()",
			"Params": [],
			"Summary": ""
		},
		"action()": {
			"Syntax": "**.action**( *action* : Variant; *index* : Integer ) : cs.pop.menu",
			"Params": [
				[
					"action",
					"Variant",
					"->"
				],
				[
					"index",
					"Integer",
					"->"
				],
				[
					"",
					"cs.pop.menu",
					"<-"
				]
			],
			"Summary": ""
		},
		"line()": {
			"Syntax": "**.line**( *afterItem* : Integer ) : cs.pop.menu",
			"Params": [
				[
					"afterItem",
					"Integer",
					"->"
				],
				[
					"",
					"cs.pop.menu",
					"<-"
				]
			],
			"Summary": ""
		},
		"append()": {
			"Syntax": "**.append**( *item* : Variant; *param* : Variant; *mark* : Variant; *afterItem* : Integer ) : cs.pop.menu",
			"Params": [
				[
					"item",
					"Variant",
					"->"
				],
				[
					"param",
					"Variant",
					"->"
				],
				[
					"mark",
					"Variant",
					"->"
				],
				[
					"afterItem",
					"Integer",
					"->"
				],
				[
					"",
					"cs.pop.menu",
					"<-"
				]
			],
			"Summary": ""
		},
		"selected": {
			"Syntax": "selected : Boolean"
		},
		"localize": {
			"Syntax": "localize : Boolean"
		},
		"metacharacters": {
			"Syntax": "metacharacters : Boolean"
		},
		"released": {
			"Syntax": "released : Boolean"
		},
		"autoRelease": {
			"Syntax": "autoRelease : Boolean"
		},
		"submenus": {
			"Syntax": "submenus : Collection"
		},
		"ref": {
			"Syntax": "ref : Text"
		},
		"choice": {
			"Syntax": "choice : Text"
		},
		"data": {
			"Syntax": "data : Collection"
		}
	},
	"menuBar": {
		"menuSelected()": {
			"Syntax": "**.menuSelected**() : Object",
			"Params": [
				[
					"",
					"Object",
					"<-"
				]
			],
			"Summary": ""
		},
		"defaultMinimalMenuBar()": {
			"Syntax": "**.defaultMinimalMenuBar**() : cs.pop.menuBar",
			"Params": [
				[
					"",
					"cs.pop.menuBar",
					"<-"
				]
			],
			"Summary": ""
		},
		"enableItem()": {
			"Syntax": "**.enableItem**( *item* : Text; *enabled* : Boolean )",
			"Params": [
				[
					"item",
					"Text",
					"->"
				],
				[
					"enabled",
					"Boolean",
					"->"
				]
			],
			"Summary": ""
		},
		"disableItem()": {
			"Syntax": "**.disableItem**( *item* : Text )",
			"Params": [
				[
					"item",
					"Text",
					"->"
				]
			],
			"Summary": ""
		},
		"update()": {
			"Syntax": "**.update**( *index* : Integer; *menu* : cs.pop.menu ) : cs.pop.menuBar",
			"Params": [
				[
					"index",
					"Integer",
					"->"
				],
				[
					"menu",
					"cs.pop.menu",
					"->"
				],
				[
					"",
					"cs.pop.menuBar",
					"<-"
				]
			],
			"Summary": ""
		},
		"setHelpMenu()": {
			"Syntax": "**.setHelpMenu**( *items* : Collection )",
			"Params": [
				[
					"items",
					"Collection",
					"->"
				]
			],
			"Summary": ""
		},
		"resetsAbout()": {
			"Syntax": "**.resetsAbout**()",
			"Params": [],
			"Summary": ""
		},
		"getMenuItemParameter()": {
			"Syntax": "**.getMenuItemParameter**( *type* : Integer ) : Variant",
			"Params": [
				[
					"type",
					"Integer",
					"->"
				],
				[
					"",
					"Variant",
					"<-"
				]
			],
			"Summary": ""
		},
		"setAbout()": {
			"Syntax": "**.setAbout**( *label* : Text; *method* : Text )",
			"Params": [
				[
					"label",
					"Text",
					"->"
				],
				[
					"method",
					"Text",
					"->"
				]
			],
			"Summary": ""
		},
		"set()": {
			"Syntax": "**.set**() : cs.pop.menuBar",
			"Params": [
				[
					"",
					"cs.pop.menuBar",
					"<-"
				]
			],
			"Summary": ""
		},
		"populate()": {
			"Syntax": "**.populate**( *menus* : Collection ) : cs.pop.menuBar",
			"Params": [
				[
					"menus",
					"Collection",
					"->"
				],
				[
					"",
					"cs.pop.menuBar",
					"<-"
				]
			],
			"Summary": ""
		},
		"_inheritedFrom_": "menu"
	},
	"motor": {
		"acceptNewConnections()": {
			"Syntax": "**.acceptNewConnections**()",
			"Params": [],
			"Summary": ""
		},
		"get newConnectionsAllowed()": {
			"Syntax": "**.get newConnectionsAllowed**() : Boolean",
			"Params": [
				[
					"",
					"Boolean",
					"<-"
				]
			],
			"Summary": ""
		},
		"restart()": {
			"Syntax": "**.restart**( *delay* : Integer; *message* : Text )",
			"Params": [
				[
					"delay",
					"Integer",
					"->"
				],
				[
					"message",
					"Text",
					"->"
				]
			],
			"Summary": ""
		},
		"hex2long()": {
			"Syntax": "**.hex2long**( *hex* : Variant ) : Integer",
			"Params": [
				[
					"hex",
					"Variant",
					"->"
				],
				[
					"",
					"Integer",
					"<-"
				]
			],
			"Summary": ""
		},
		"quit()": {
			"Syntax": "**.quit**( *delay* : Integer )",
			"Params": [
				[
					"delay",
					"Integer",
					"->"
				]
			],
			"Summary": ""
		},
		"rejectNewConnections()": {
			"Syntax": "**.rejectNewConnections**()",
			"Params": [],
			"Summary": ""
		},
		"get longVersion()": {
			"Syntax": "**.get longVersion**() : Text",
			"Params": [
				[
					"",
					"Text",
					"<-"
				]
			],
			"Summary": ""
		},
		"get shortVersion()": {
			"Syntax": "**.get shortVersion**() : Text",
			"Params": [
				[
					"",
					"Text",
					"<-"
				]
			],
			"Summary": ""
		},
		"get version()": {
			"Syntax": "**.get version**() : Text",
			"Params": [
				[
					"",
					"Text",
					"<-"
				]
			],
			"Summary": ""
		},
		"autoConnect()": {
			"Syntax": "**.autoConnect**( *client* : Object; *userParam* : Variant ) : Object",
			"Params": [
				[
					"client",
					"Object",
					"->"
				],
				[
					"userParam",
					"Variant",
					"->"
				],
				[
					"",
					"Object",
					"<-"
				]
			],
			"Summary": ""
		},
		"get branch()": {
			"Syntax": "**.get branch**() : Text",
			"Params": [
				[
					"",
					"Text",
					"<-"
				]
			],
			"Summary": ""
		},
		"favorites": {
			"Syntax": "favorites : 4D.Folder"
		},
		"appVersion": {
			"Syntax": "appVersion : Object"
		},
		"exe": {
			"Syntax": "exe : 4D.File"
		},
		"isSDI": {
			"Syntax": "isSDI : Boolean"
		},
		"isDemo": {
			"Syntax": "isDemo : Boolean"
		},
		"isMerged": {
			"Syntax": "isMerged : Boolean"
		},
		"isRemote": {
			"Syntax": "isRemote : Boolean"
		},
		"isHeadless": {
			"Syntax": "isHeadless : Boolean"
		},
		"app": {
			"Syntax": "app : Object"
		},
		"isServer": {
			"Syntax": "isServer : Boolean"
		},
		"isDebug": {
			"Syntax": "isDebug : Boolean"
		},
		"isLocal": {
			"Syntax": "isLocal : Boolean"
		},
		"infos": {
			"Syntax": "infos : Object"
		},
		"versionType": {
			"Syntax": "versionType : Integer"
		},
		"asService": {
			"Syntax": "asService : Boolean"
		},
		"languages": {
			"Syntax": "languages : Object"
		},
		"type": {
			"Syntax": "type : Integer"
		},
		"cache": {
			"Syntax": "cache : 4D.Folder"
		},
		"plugins": {
			"Syntax": "plugins : Collection"
		},
		"components": {
			"Syntax": "components : Collection"
		},
		"root": {
			"Syntax": "root : 4D.Folder"
		},
		"name": {
			"Syntax": "name : Text"
		}
	},
	"os": {
		"getVolumes()": {
			"Syntax": "**.getVolumes**( *infos* : Object ) : Collection",
			"Params": [
				[
					"infos",
					"Object",
					"->"
				],
				[
					"",
					"Collection",
					"<-"
				]
			],
			"Summary": ""
		},
		"cacheFolder": {
			"Syntax": "cacheFolder : 4D.Folder"
		},
		"libraryFolder": {
			"Syntax": "libraryFolder : 4D.Folder"
		},
		"homeFolder": {
			"Syntax": "homeFolder : 4D.Folder"
		},
		"startupDisk": {
			"Syntax": "startupDisk : Object"
		},
		"logsFolder": {
			"Syntax": "logsFolder : 4D.Folder"
		},
		"user": {
			"Syntax": "user : Object"
		},
		"isARM": {
			"Syntax": "isARM : Boolean"
		},
		"macOS": {
			"Syntax": "macOS : Boolean"
		},
		"systemFolder": {
			"Syntax": "systemFolder : 4D.Folder"
		},
		"ipv6": {
			"Syntax": "ipv6 : Text"
		},
		"applicationsFolder": {
			"Syntax": "applicationsFolder : 4D.Folder"
		},
		"isRoseta": {
			"Syntax": "isRoseta : Boolean"
		},
		"documentsFolder": {
			"Syntax": "documentsFolder : 4D.Folder"
		},
		"Windows": {
			"Syntax": "Windows : Boolean"
		},
		"ipv4": {
			"Syntax": "ipv4 : Text"
		},
		"processor": {
			"Syntax": "processor : Text"
		},
		"temporaryFolder": {
			"Syntax": "temporaryFolder : 4D.Folder"
		},
		"machine": {
			"Syntax": "machine : Text"
		},
		"language": {
			"Syntax": "language : Text"
		},
		"desktopFolder": {
			"Syntax": "desktopFolder : 4D.Folder"
		},
		"linux": {
			"Syntax": "linux : Boolean"
		},
		"volumes": {
			"Syntax": "volumes : Collection"
		},
		"version": {
			"Syntax": "version : Text"
		}
	},
	"_4DPop": {
		"doDrop()": {
			"Syntax": "**.doDrop**() : Integer",
			"Params": [
				[
					"",
					"Integer",
					"<-"
				]
			],
			"Summary": ""
		},
		"execute()": {
			"Syntax": "**.execute**( *e* : Object ) : Boolean",
			"Params": [
				[
					"e",
					"Object",
					"->"
				],
				[
					"",
					"Boolean",
					"<-"
				]
			],
			"Summary": ""
		},
		"position()": {
			"Syntax": "**.position**( *position* : Text )",
			"Params": [
				[
					"position",
					"Text",
					"->"
				]
			],
			"Summary": ""
		},
		"collapseExpand()": {
			"Syntax": "**.collapseExpand**( *displayed* : Integer )",
			"Params": [
				[
					"displayed",
					"Integer",
					"->"
				]
			],
			"Summary": ""
		},
		"doSettings()": {
			"Syntax": "**.doSettings**()",
			"Params": [],
			"Summary": ""
		},
		"init()": {
			"Syntax": "**.init**()",
			"Params": [],
			"Summary": ""
		},
		"close()": {
			"Syntax": "**.close**()",
			"Params": [],
			"Summary": ""
		},
		"doAbout()": {
			"Syntax": "**.doAbout**()",
			"Params": [],
			"Summary": ""
		},
		"doMenu()": {
			"Syntax": "**.doMenu**()",
			"Params": [],
			"Summary": ""
		},
		"display()": {
			"Syntax": "**.display**()",
			"Params": [],
			"Summary": ""
		},
		"getDependencies()": {
			"Syntax": "**.getDependencies**() : Collection",
			"Params": [
				[
					"",
					"Collection",
					"<-"
				]
			],
			"Summary": ""
		},
		"getTools()": {
			"Syntax": "**.getTools**() : Collection",
			"Params": [
				[
					"",
					"Collection",
					"<-"
				]
			],
			"Summary": ""
		},
		"getPMComponents()": {
			"Syntax": "**.getPMComponents**() : Collection",
			"Params": [
				[
					"",
					"Collection",
					"<-"
				]
			],
			"Summary": ""
		},
		"load()": {
			"Syntax": "**.load**() : Object",
			"Params": [
				[
					"",
					"Object",
					"<-"
				]
			],
			"Summary": ""
		},
		"abort()": {
			"Syntax": "**.abort**()",
			"Params": [],
			"Summary": ""
		},
		"getComponents()": {
			"Syntax": "**.getComponents**( *folder* : 4D.Folder ) : Collection",
			"Params": [
				[
					"folder",
					"4D.Folder",
					"->"
				],
				[
					"",
					"Collection",
					"<-"
				]
			],
			"Summary": ""
		},
		"reload()": {
			"Syntax": "**.reload**()",
			"Params": [],
			"Summary": ""
		},
		"formName": {
			"Syntax": "formName : Text"
		},
		"windowType": {
			"Syntax": "windowType : Integer"
		},
		"motor": {
			"Syntax": "motor : cs.pop.motor"
		},
		"properties": {
			"Syntax": "properties : Object"
		},
		"preferences": {
			"Syntax": "preferences : cs.pop.Preferences"
		},
		"env": {
			"Syntax": "env : cs.pop.env"
		},
		"database": {
			"Syntax": "database : cs.pop.database"
		}
	},
	"_classCore": {
		"isJson()": {
			"Syntax": "**.isJson**( *value* : Variant ) : Boolean",
			"Params": [
				[
					"value",
					"Variant",
					"->"
				],
				[
					"",
					"Boolean",
					"<-"
				]
			],
			"Summary": ""
		},
		"isPlatformPath()": {
			"Syntax": "**.isPlatformPath**( *value* : Variant ) : Boolean",
			"Params": [
				[
					"value",
					"Variant",
					"->"
				],
				[
					"",
					"Boolean",
					"<-"
				]
			],
			"Summary": ""
		},
		"isText()": {
			"Syntax": "**.isText**( *value* : Variant ) : Boolean",
			"Params": [
				[
					"value",
					"Variant",
					"->"
				],
				[
					"",
					"Boolean",
					"<-"
				]
			],
			"Summary": ""
		},
		"Singletonize()": {
			"Syntax": "**.Singletonize**( *instance* : Object )",
			"Params": [
				[
					"instance",
					"Object",
					"->"
				]
			],
			"Summary": ""
		},
		"get ready()": {
			"Syntax": "**.get ready**() : Boolean",
			"Params": [
				[
					"",
					"Boolean",
					"<-"
				]
			],
			"Summary": ""
		},
		"get errors()": {
			"Syntax": "**.get errors**() : Collection",
			"Params": [
				[
					"",
					"Collection",
					"<-"
				]
			],
			"Summary": ""
		},
		"isJsonObject()": {
			"Syntax": "**.isJsonObject**( *value* : Variant ) : Boolean",
			"Params": [
				[
					"value",
					"Variant",
					"->"
				],
				[
					"",
					"Boolean",
					"<-"
				]
			],
			"Summary": ""
		},
		"Succeed()": {
			"Syntax": "**.Succeed**( *value* : Boolean ) : cs.pop._classCore",
			"Params": [
				[
					"value",
					"Boolean",
					"->"
				],
				[
					"",
					"cs.pop._classCore",
					"<-"
				]
			],
			"Summary": ""
		},
		"get notReady()": {
			"Syntax": "**.get notReady**() : Boolean",
			"Params": [
				[
					"",
					"Boolean",
					"<-"
				]
			],
			"Summary": ""
		},
		"set success()": {
			"Syntax": "**.set success**( *value* : Boolean )",
			"Params": [
				[
					"value",
					"Boolean",
					"->"
				]
			],
			"Summary": ""
		},
		"isFolder()": {
			"Syntax": "**.isFolder**( *value* : Variant ) : Boolean",
			"Params": [
				[
					"value",
					"Variant",
					"->"
				],
				[
					"",
					"Boolean",
					"<-"
				]
			],
			"Summary": ""
		},
		"get _()": {
			"Syntax": "**.get _**() : Object",
			"Params": [
				[
					"",
					"Object",
					"<-"
				]
			],
			"Summary": ""
		},
		"isNum()": {
			"Syntax": "**.isNum**( *value* : Variant ) : Boolean",
			"Params": [
				[
					"value",
					"Variant",
					"->"
				],
				[
					"",
					"Boolean",
					"<-"
				]
			],
			"Summary": ""
		},
		"get singleton()": {
			"Syntax": "**.get singleton**() : Boolean",
			"Params": [
				[
					"",
					"Boolean",
					"<-"
				]
			],
			"Summary": ""
		},
		"set ready()": {
			"Syntax": "**.set ready**()",
			"Params": [],
			"Summary": ""
		},
		"set errors()": {
			"Syntax": "**.set errors**( *errors* : Collection )",
			"Params": [
				[
					"errors",
					"Collection",
					"->"
				]
			],
			"Summary": ""
		},
		"get success()": {
			"Syntax": "**.get success**() : Boolean",
			"Params": [
				[
					"",
					"Boolean",
					"<-"
				]
			],
			"Summary": ""
		},
		"get fail()": {
			"Syntax": "**.get fail**() : Boolean",
			"Params": [
				[
					"",
					"Boolean",
					"<-"
				]
			],
			"Summary": ""
		},
		"isFile()": {
			"Syntax": "**.isFile**( *value* : Variant ) : Boolean",
			"Params": [
				[
					"value",
					"Variant",
					"->"
				],
				[
					"",
					"Boolean",
					"<-"
				]
			],
			"Summary": ""
		},
		"get matrix()": {
			"Syntax": "**.get matrix**() : Boolean",
			"Params": [
				[
					"",
					"Boolean",
					"<-"
				]
			],
			"Summary": ""
		},
		"Failure()": {
			"Syntax": "**.Failure**( *value* : Boolean ) : cs.pop._classCore",
			"Params": [
				[
					"value",
					"Boolean",
					"->"
				],
				[
					"",
					"cs.pop._classCore",
					"<-"
				]
			],
			"Summary": ""
		},
		"Digest()": {
			"Syntax": "**.Digest**( *tgt* : Variant ) : Text",
			"Params": [
				[
					"tgt",
					"Variant",
					"->"
				],
				[
					"",
					"Text",
					"<-"
				]
			],
			"Summary": ""
		},
		"Obfuscate()": {
			"Syntax": "**.Obfuscate**( *key* : Text; *value* : Variant )",
			"Params": [
				[
					"key",
					"Text",
					"->"
				],
				[
					"value",
					"Variant",
					"->"
				]
			],
			"Summary": ""
		},
		"isJsonArray()": {
			"Syntax": "**.isJsonArray**( *value* : Variant ) : Boolean",
			"Params": [
				[
					"value",
					"Variant",
					"->"
				],
				[
					"",
					"Boolean",
					"<-"
				]
			],
			"Summary": ""
		},
		"get uid()": {
			"Syntax": "**.get uid**() : Text",
			"Params": [
				[
					"",
					"Text",
					"<-"
				]
			],
			"Summary": ""
		},
		"get lastError()": {
			"Syntax": "**.get lastError**() : Text",
			"Params": [
				[
					"",
					"Text",
					"<-"
				]
			],
			"Summary": ""
		}
	},
	"_widget": {
		"getIcon()": {
			"Syntax": "**.getIcon**( *file* : 4D.File; *size* : Integer ) : Picture",
			"Params": [
				[
					"file",
					"4D.File",
					"->"
				],
				[
					"size",
					"Integer",
					"->"
				],
				[
					"",
					"Picture",
					"<-"
				]
			],
			"Summary": ""
		},
		"width": {
			"Syntax": "width : Integer"
		},
		"order": {
			"Syntax": "order : Integer"
		},
		"index": {
			"Syntax": "index : Integer"
		},
		"popup": {
			"Syntax": "popup : Boolean"
		},
		"icon": {
			"Syntax": "icon : Picture"
		},
		"visible": {
			"Syntax": "visible : Boolean"
		},
		"plist": {
			"Syntax": "plist : 4D.File"
		},
		"form": {
			"Syntax": "form : Text"
		},
		"default": {
			"Syntax": "default : Text"
		},
		"tool": {
			"Syntax": "tool : Text"
		},
		"tools": {
			"Syntax": "tools : Collection"
		},
		"copyright": {
			"Syntax": "copyright : Text"
		},
		"helptip": {
			"Syntax": "helptip : Text"
		},
		"help": {
			"Syntax": "help : 4D.File"
		},
		"file": {
			"Syntax": "file : Object"
		},
		"ondrop": {
			"Syntax": "ondrop : Text"
		},
		"infos": {
			"Syntax": "infos : Text"
		},
		"handler": {
			"Syntax": "handler : 4D.Function"
		},
		"name": {
			"Syntax": "name : Text"
		},
		"manifest": {
			"Syntax": "manifest : Object"
		}
	},
	"Preferences": {
		"save()": {
			"Syntax": "**.save**()",
			"Params": [],
			"Summary": ""
		},
		"default()": {
			"Syntax": "**.default**( *default* : Object )",
			"Params": [
				[
					"default",
					"Object",
					"->"
				]
			],
			"Summary": ""
		},
		"set()": {
			"Syntax": "**.set**( *key* : Variant; *value* : Variant ) : cs.pop.Preferences",
			"Params": [
				[
					"key",
					"Variant",
					"->"
				],
				[
					"value",
					"Variant",
					"->"
				],
				[
					"",
					"cs.pop.Preferences",
					"<-"
				]
			],
			"Summary": ""
		},
		"get()": {
			"Syntax": "**.get**( *key* : Text ) : Variant",
			"Params": [
				[
					"key",
					"Text",
					"->"
				],
				[
					"",
					"Variant",
					"<-"
				]
			],
			"Summary": ""
		},
		"module": {
			"Syntax": "module : Text"
		},
		"version": {
			"Syntax": "version : Integer"
		},
		"data": {
			"Syntax": "data : Object"
		},
		"file": {
			"Syntax": "file : 4D.File"
		}
	}
}